method,condition,auc,ks,brier,dp_diff,di_ratio,eo_diff,eopp_diff,probe_auc_after,threshold,fell_back,runtime_s,stop_reason,rounds,rounds_accepted,all_features_treated_at_round,internal_probe_final,n_treated,validation_rows,noise_floor,n_emerged_validation,n_rolled_back,n_still_emerged_after_rollback,rolled_back,still_emerged,dataset,attribute,fold
proxy_aware_rollback,training_only,0.7160556284550403,0.3554561311979932,0.0701333139068919,0.0209011334305914,0.9774225320100008,0.1530858244937319,0.1530858244937319,0.5999143285500106,0.1815,False,97.88,probe at or below tau,8,8,8,0.527,116,1920,0.0005636059756621,22,22,27,FLAG_OWN_REALTY;AMT_ANNUITY;DAYS_REGISTRATION;DAYS_ID_PUBLISH;FLAG_CONT_MOBILE;WEEKDAY_APPR_PROCESS_START;ORGANIZATION_TYPE;ELEVATORS_AVG;ENTRANCES_AVG;LANDAREA_AVG;NONLIVINGAREA_AVG;FLOORSMAX_MODE;FLOORSMIN_MODE;NONLIVINGAREA_MODE;APARTMENTS_MEDI;YEARS_BEGINEXPLUATATION_MEDI;FLOORSMAX_MEDI;FLOORSMIN_MEDI;TOTALAREA_MODE;WALLSMATERIAL_MODE;DAYS_LAST_PHONE_CHANGE;AMT_REQ_CREDIT_BUREAU_YEAR,FLAG_OWN_CAR;AMT_CREDIT;AMT_ANNUITY;NAME_TYPE_SUITE;DAYS_EMPLOYED;DAYS_REGISTRATION;FLAG_EMP_PHONE;FLAG_WORK_PHONE;CNT_FAM_MEMBERS;ORGANIZATION_TYPE;BASEMENTAREA_AVG;ELEVATORS_AVG;FLOORSMIN_AVG;NONLIVINGAREA_AVG;ENTRANCES_MODE;FLOORSMIN_MODE;LANDAREA_MODE;APARTMENTS_MEDI;BASEMENTAREA_MEDI;COMMONAREA_MEDI;ENTRANCES_MEDI;LANDAREA_MEDI;LIVINGAPARTMENTS_MEDI;TOTALAREA_MODE;OBS_30_CNT_SOCIAL_CIRCLE;OBS_60_CNT_SOCIAL_CIRCLE;AMT_REQ_CREDIT_BUREAU_YEAR,home_credit,CODE_GENDER,0
proxy_aware_rollback,training_only,0.7091310557075028,0.3372013975621709,0.0722105916655563,0.0001221813205706,0.999867019508238,0.0185185185185185,0.0185185185185185,0.7038784067085954,0.1789,False,69.3,probe at or below tau,8,8,8,0.5425,116,1920,0.0006131849883941,26,26,18,FLAG_OWN_CAR;AMT_GOODS_PRICE;FLAG_EMP_PHONE;FLAG_CONT_MOBILE;REG_CITY_NOT_WORK_CITY;EXT_SOURCE_2;BASEMENTAREA_AVG;YEARS_BEGINEXPLUATATION_AVG;COMMONAREA_AVG;LANDAREA_AVG;NONLIVINGAPARTMENTS_AVG;APARTMENTS_MODE;YEARS_BEGINEXPLUATATION_MODE;FLOORSMIN_MODE;LIVINGAPARTMENTS_MODE;LIVINGAREA_MODE;BASEMENTAREA_MEDI;YEARS_BEGINEXPLUATATION_MEDI;COMMONAREA_MEDI;FLOORSMAX_MEDI;LIVINGAREA_MEDI;TOTALAREA_MODE;OBS_30_CNT_SOCIAL_CIRCLE;DEF_60_CNT_SOCIAL_CIRCLE;DAYS_LAST_PHONE_CHANGE;AMT_REQ_CREDIT_BUREAU_YEAR,FLAG_OWN_CAR;FLAG_OWN_REALTY;AMT_ANNUITY;NAME_EDUCATION_TYPE;FLAG_EMP_PHONE;WEEKDAY_APPR_PROCESS_START;HOUR_APPR_PROCESS_START;REG_CITY_NOT_WORK_CITY;YEARS_BEGINEXPLUATATION_AVG;COMMONAREA_AVG;LIVINGAPARTMENTS_AVG;YEARS_BUILD_MODE;LIVINGAPARTMENTS_MODE;NONLIVINGAREA_MODE;YEARS_BUILD_MEDI;WALLSMATERIAL_MODE;DAYS_LAST_PHONE_CHANGE;AMT_REQ_CREDIT_BUREAU_YEAR,home_credit,CODE_GENDER,1
proxy_aware_rollback,training_only,0.6826079395443696,0.3060724392518932,0.0714816133866427,0.0179896827382441,0.9805552693932214,0.1573982125124131,0.1573982125124131,0.7311077045364218,0.1612,False,69.87,probe at or below tau,8,8,8,0.5005,116,1920,0.000714293838788,25,25,13,FLAG_OWN_CAR;AMT_CREDIT;DAYS_REGISTRATION;FLAG_EMP_PHONE;FLAG_CONT_MOBILE;WEEKDAY_APPR_PROCESS_START;APARTMENTS_AVG;BASEMENTAREA_AVG;YEARS_BEGINEXPLUATATION_AVG;COMMONAREA_AVG;APARTMENTS_MODE;YEARS_BEGINEXPLUATATION_MODE;ENTRANCES_MODE;FLOORSMAX_MODE;FLOORSMIN_MODE;LANDAREA_MODE;LIVINGAPARTMENTS_MODE;YEARS_BUILD_MEDI;COMMONAREA_MEDI;ENTRANCES_MEDI;FLOORSMAX_MEDI;FLOORSMIN_MEDI;LIVINGAREA_MEDI;NONLIVINGAREA_MEDI;FLAG_DOCUMENT_3,FLAG_OWN_CAR;AMT_CREDIT;DAYS_REGISTRATION;FLAG_EMP_PHONE;CNT_FAM_MEMBERS;LIVINGAREA_AVG;BASEMENTAREA_MODE;NONLIVINGAREA_MODE;BASEMENTAREA_MEDI;YEARS_BUILD_MEDI;ENTRANCES_MEDI;LANDAREA_MEDI;NONLIVINGAREA_MEDI,home_credit,CODE_GENDER,2
proxy_aware_rollback,training_only,0.6708140325360062,0.2797232278837894,0.072709148376655,0.0265121759622938,0.9714194982534138,0.0202813988228234,0.0168512277323062,0.6764929223699839,0.183,False,81.57,max rounds (probe reached tau in last round),10,10,8,0.4832,116,1920,0.0006783448002831,28,28,22,FLAG_OWN_CAR;FLAG_OWN_REALTY;CNT_CHILDREN;NAME_TYPE_SUITE;DAYS_EMPLOYED;FLAG_EMP_PHONE;FLAG_CONT_MOBILE;CNT_FAM_MEMBERS;APARTMENTS_AVG;FLOORSMAX_AVG;LANDAREA_AVG;LIVINGAPARTMENTS_AVG;YEARS_BUILD_MODE;COMMONAREA_MODE;ENTRANCES_MODE;FLOORSMAX_MODE;LANDAREA_MODE;LIVINGAPARTMENTS_MODE;LIVINGAREA_MODE;APARTMENTS_MEDI;COMMONAREA_MEDI;FLOORSMAX_MEDI;FLOORSMIN_MEDI;LIVINGAREA_MEDI;NONLIVINGAREA_MEDI;TOTALAREA_MODE;FLAG_DOCUMENT_3;AMT_REQ_CREDIT_BUREAU_YEAR,NAME_CONTRACT_TYPE;FLAG_OWN_CAR;FLAG_OWN_REALTY;AMT_CREDIT;NAME_TYPE_SUITE;DAYS_EMPLOYED;CNT_FAM_MEMBERS;REG_CITY_NOT_WORK_CITY;EXT_SOURCE_3;YEARS_BUILD_AVG;COMMONAREA_AVG;FLOORSMIN_AVG;NONLIVINGAPARTMENTS_AVG;APARTMENTS_MODE;YEARS_BEGINEXPLUATATION_MODE;COMMONAREA_MODE;ENTRANCES_MODE;COMMONAREA_MEDI;ENTRANCES_MEDI;LIVINGAPARTMENTS_MEDI;FLAG_DOCUMENT_3;AMT_REQ_CREDIT_BUREAU_YEAR,home_credit,CODE_GENDER,3
proxy_aware_rollback,training_only,0.740897435897436,0.3620094191522763,0.0684248798959557,0.0216965945990952,0.9765899307505148,0.0142857142857142,0.0142857142857142,0.5945700833590615,0.1757,False,56.52,probe at or below tau,8,8,8,0.5242,116,1920,0.000524939156766,17,17,21,FLAG_OWN_REALTY;FLAG_CONT_MOBILE;HOUR_APPR_PROCESS_START;YEARS_BEGINEXPLUATATION_AVG;NONLIVINGAREA_AVG;YEARS_BUILD_MODE;ENTRANCES_MODE;FLOORSMIN_MODE;LIVINGAPARTMENTS_MODE;LIVINGAREA_MODE;NONLIVINGAREA_MODE;YEARS_BUILD_MEDI;LANDAREA_MEDI;LIVINGAREA_MEDI;WALLSMATERIAL_MODE;FLAG_DOCUMENT_3;AMT_REQ_CREDIT_BUREAU_YEAR,NAME_CONTRACT_TYPE;FLAG_EMP_PHONE;CNT_FAM_MEMBERS;YEARS_BUILD_AVG;LIVINGAPARTMENTS_AVG;BASEMENTAREA_MODE;YEARS_BEGINEXPLUATATION_MODE;YEARS_BUILD_MODE;COMMONAREA_MODE;ELEVATORS_MODE;FLOORSMAX_MODE;LANDAREA_MODE;LIVINGAREA_MODE;NONLIVINGAREA_MODE;COMMONAREA_MEDI;FLOORSMAX_MEDI;LANDAREA_MEDI;LIVINGAPARTMENTS_MEDI;OBS_30_CNT_SOCIAL_CIRCLE;FLAG_DOCUMENT_3;AMT_REQ_CREDIT_BUREAU_YEAR,home_credit,CODE_GENDER,4
proxy_aware_rollback,training_only,0.6944914338713842,0.3013453907324554,0.0711025865636015,0.0350976244123858,0.9622998740863868,0.0227281246485824,0.0171166827386692,0.5739702703219759,0.1689,False,54.2,probe at or below tau,8,8,8,0.5458,116,1920,0.0005599600420162,19,19,18,DAYS_EMPLOYED;DAYS_ID_PUBLISH;FLAG_CONT_MOBILE;ORGANIZATION_TYPE;EXT_SOURCE_3;YEARS_BUILD_AVG;COMMONAREA_AVG;FLOORSMIN_AVG;LIVINGAPARTMENTS_AVG;LIVINGAREA_AVG;COMMONAREA_MODE;ENTRANCES_MODE;FLOORSMAX_MODE;BASEMENTAREA_MEDI;FLOORSMIN_MEDI;LIVINGAPARTMENTS_MEDI;NONLIVINGAREA_MEDI;WALLSMATERIAL_MODE;OBS_60_CNT_SOCIAL_CIRCLE,FLAG_OWN_CAR;NAME_TYPE_SUITE;NAME_INCOME_TYPE;DAYS_EMPLOYED;FLAG_EMP_PHONE;ORGANIZATION_TYPE;YEARS_BEGINEXPLUATATION_AVG;LANDAREA_AVG;LIVINGAREA_AVG;NONLIVINGAREA_AVG;BASEMENTAREA_MODE;YEARS_BEGINEXPLUATATION_MODE;YEARS_BUILD_MODE;ENTRANCES_MODE;LIVINGAREA_MODE;APARTMENTS_MEDI;ENTRANCES_MEDI;AMT_REQ_CREDIT_BUREAU_YEAR,home_credit,CODE_GENDER,5
proxy_aware_rollback,training_only,0.6979115615069641,0.3208859658830411,0.0717780578841423,0.0019033760911058,0.9979296947557428,0.0325925925925925,0.0325925925925925,0.6787947135169358,0.1785,False,58.77,probe at or below tau,8,8,8,0.4866,116,1920,0.0007530432361906,24,24,15,FLAG_OWN_CAR;NAME_HOUSING_TYPE;FLAG_EMP_PHONE;FLAG_CONT_MOBILE;CNT_FAM_MEMBERS;WEEKDAY_APPR_PROCESS_START;FLOORSMAX_AVG;LANDAREA_AVG;NONLIVINGAREA_AVG;APARTMENTS_MODE;ENTRANCES_MODE;FLOORSMAX_MODE;FLOORSMIN_MODE;LANDAREA_MODE;APARTMENTS_MEDI;ENTRANCES_MEDI;FLOORSMIN_MEDI;LANDAREA_MEDI;TOTALAREA_MODE;DEF_60_CNT_SOCIAL_CIRCLE;DAYS_LAST_PHONE_CHANGE;FLAG_DOCUMENT_3;AMT_REQ_CREDIT_BUREAU_MON;AMT_REQ_CREDIT_BUREAU_YEAR,FLAG_OWN_CAR;NAME_INCOME_TYPE;FLAG_EMP_PHONE;CNT_FAM_MEMBERS;REG_CITY_NOT_WORK_CITY;YEARS_BUILD_AVG;NONLIVINGAPARTMENTS_AVG;BASEMENTAREA_MODE;ELEVATORS_MODE;FLOORSMIN_MODE;YEARS_BEGINEXPLUATATION_MEDI;FLOORSMAX_MEDI;FLAG_DOCUMENT_3;AMT_REQ_CREDIT_BUREAU_MON;AMT_REQ_CREDIT_BUREAU_YEAR,home_credit,CODE_GENDER,6
proxy_aware_rollback,training_only,0.7278179164097618,0.3417598111288529,0.0694716386851439,0.0298381984067918,0.967885485426092,0.1195987654320988,0.1195987654320988,0.5668726444873831,0.1782,False,84.92,probe at or below tau,9,9,8,0.4948,116,1920,0.0007229848745861,16,16,18,AMT_CREDIT;FLAG_CONT_MOBILE;CNT_FAM_MEMBERS;REG_CITY_NOT_LIVE_CITY;YEARS_BUILD_AVG;FLOORSMAX_AVG;LANDAREA_AVG;APARTMENTS_MODE;BASEMENTAREA_MODE;FLOORSMIN_MODE;LIVINGAPARTMENTS_MODE;APARTMENTS_MEDI;COMMONAREA_MEDI;ENTRANCES_MEDI;FLOORSMIN_MEDI;NONLIVINGAREA_MEDI,FLAG_OWN_CAR;FLAG_OWN_REALTY;CNT_CHILDREN;FLAG_WORK_PHONE;CNT_FAM_MEMBERS;YEARS_BUILD_AVG;COMMONAREA_AVG;ENTRANCES_AVG;BASEMENTAREA_MODE;YEARS_BUILD_MODE;ENTRANCES_MODE;FLOORSMAX_MODE;LANDAREA_MODE;NONLIVINGAREA_MODE;BASEMENTAREA_MEDI;FLOORSMAX_MEDI;LIVINGAPARTMENTS_MEDI;WALLSMATERIAL_MODE,home_credit,CODE_GENDER,7
proxy_aware_rollback,training_only,0.6979062916646905,0.3441839385747184,0.0738148157871958,0.0203980279042271,0.9781142080643704,0.0272211088844355,0.0072463768115942,0.6964858058608059,0.1776,False,62.87,probe at or below tau,9,9,8,0.4948,116,1920,0.0007635493834265,14,14,14,FLAG_OWN_CAR;CNT_CHILDREN;FLAG_EMP_PHONE;FLAG_CONT_MOBILE;ORGANIZATION_TYPE;APARTMENTS_AVG;YEARS_BUILD_AVG;ENTRANCES_AVG;FLOORSMAX_AVG;NONLIVINGAREA_AVG;YEARS_BEGINEXPLUATATION_MODE;FLOORSMAX_MODE;YEARS_BEGINEXPLUATATION_MEDI;AMT_REQ_CREDIT_BUREAU_QRT,FLAG_OWN_CAR;ORGANIZATION_TYPE;BASEMENTAREA_AVG;YEARS_BUILD_AVG;LANDAREA_AVG;NONLIVINGAREA_AVG;YEARS_BUILD_MODE;COMMONAREA_MODE;ENTRANCES_MODE;FLOORSMAX_MEDI;LANDAREA_MEDI;WALLSMATERIAL_MODE;DAYS_LAST_PHONE_CHANGE;AMT_REQ_CREDIT_BUREAU_QRT,home_credit,CODE_GENDER,8
proxy_aware_rollback,training_only,0.6927315541601256,0.3355311355311355,0.0725300608160088,0.0043173468513444,0.9953114585370764,0.143232275005968,0.143232275005968,0.6258055749670005,0.1827,False,59.2,probe at or below tau,8,8,8,0.5341,116,1920,0.0005994569049311,21,21,21,CNT_CHILDREN;AMT_ANNUITY;AMT_GOODS_PRICE;DAYS_ID_PUBLISH;FLAG_EMP_PHONE;FLAG_CONT_MOBILE;REG_CITY_NOT_WORK_CITY;EXT_SOURCE_3;APARTMENTS_AVG;YEARS_BUILD_AVG;FLOORSMAX_AVG;LIVINGAREA_AVG;NONLIVINGAREA_AVG;FLOORSMIN_MODE;LIVINGAREA_MODE;COMMONAREA_MEDI;FLOORSMAX_MEDI;LANDAREA_MEDI;LIVINGAPARTMENTS_MEDI;LIVINGAREA_MEDI;TOTALAREA_MODE,AMT_GOODS_PRICE;DAYS_ID_PUBLISH;FLAG_EMP_PHONE;REG_CITY_NOT_WORK_CITY;EXT_SOURCE_3;YEARS_BEGINEXPLUATATION_AVG;YEARS_BUILD_AVG;FLOORSMAX_AVG;LANDAREA_AVG;LIVINGAPARTMENTS_AVG;LIVINGAREA_AVG;APARTMENTS_MODE;ENTRANCES_MODE;FLOORSMAX_MODE;YEARS_BUILD_MEDI;FLOORSMAX_MEDI;FLOORSMIN_MEDI;LIVINGAPARTMENTS_MEDI;NONLIVINGAREA_MEDI;TOTALAREA_MODE;WALLSMATERIAL_MODE,home_credit,CODE_GENDER,9
proxy_aware_rollback,training_only,0.6917353063622805,0.3244272998909143,0.0719184399137113,0.0440462938798553,0.9527981507377072,0.1491228070175438,0.1491228070175438,0.5678058015026326,0.1676,False,53.97,probe at or below tau,8,8,8,0.4884,116,1920,0.0007925483686899,19,19,14,CNT_CHILDREN;DAYS_REGISTRATION;FLAG_EMP_PHONE;FLAG_WORK_PHONE;FLAG_CONT_MOBILE;REG_CITY_NOT_LIVE_CITY;BASEMENTAREA_AVG;FLOORSMAX_AVG;LANDAREA_AVG;APARTMENTS_MODE;YEARS_BEGINEXPLUATATION_MODE;ENTRANCES_MODE;FLOORSMAX_MODE;LANDAREA_MODE;LIVINGAREA_MODE;APARTMENTS_MEDI;FLOORSMAX_MEDI;FLOORSMIN_MEDI;WALLSMATERIAL_MODE,FLAG_OWN_CAR;DAYS_REGISTRATION;FLAG_EMP_PHONE;HOUR_APPR_PROCESS_START;BASEMENTAREA_AVG;YEARS_BUILD_AVG;LIVINGAREA_AVG;YEARS_BUILD_MODE;COMMONAREA_MODE;LANDAREA_MODE;NONLIVINGAREA_MODE;ENTRANCES_MEDI;LANDAREA_MEDI;LIVINGAREA_MEDI,home_credit,CODE_GENDER,10
proxy_aware_rollback,training_only,0.6940698464894945,0.3323426029858926,0.071900386840842,0.0040104793304062,0.9956473567584678,0.0670307845084409,0.0670307845084409,0.7177369558505712,0.1688,False,64.24,probe at or below tau,8,8,8,0.5161,116,1920,0.0007368005474468,21,21,11,FLAG_OWN_CAR;AMT_CREDIT;AMT_GOODS_PRICE;FLAG_CONT_MOBILE;COMMONAREA_AVG;ENTRANCES_AVG;FLOORSMAX_AVG;FLOORSMIN_AVG;ENTRANCES_MODE;FLOORSMAX_MODE;FLOORSMIN_MODE;LIVINGAPARTMENTS_MODE;ENTRANCES_MEDI;FLOORSMAX_MEDI;LIVINGAPARTMENTS_MEDI;NONLIVINGAREA_MEDI;TOTALAREA_MODE;WALLSMATERIAL_MODE;FLAG_DOCUMENT_3;AMT_REQ_CREDIT_BUREAU_MON;AMT_REQ_CREDIT_BUREAU_YEAR,FLAG_OWN_CAR;APARTMENTS_AVG;YEARS_BEGINEXPLUATATION_AVG;YEARS_BUILD_AVG;ELEVATORS_AVG;LANDAREA_AVG;YEARS_BUILD_MODE;COMMONAREA_MODE;LIVINGAREA_MODE;LANDAREA_MEDI;LIVINGAREA_MEDI,home_credit,CODE_GENDER,11
proxy_aware_rollback,training_only,0.6954031165847205,0.3144725678360447,0.0712219973008654,0.0087351502445841,0.9905227643201032,0.0352147852147852,0.0352147852147852,0.6682001708207159,0.1745,False,55.93,probe at or below tau,8,8,8,0.5173,116,1920,0.0005873262766998,14,14,11,FLAG_OWN_CAR;FLAG_CONT_MOBILE;APARTMENTS_AVG;YEARS_BUILD_AVG;COMMONAREA_AVG;ENTRANCES_AVG;FLOORSMAX_AVG;LIVINGAREA_AVG;YEARS_BUILD_MODE;FLOORSMIN_MODE;NONLIVINGAPARTMENTS_MODE;LANDAREA_MEDI;WALLSMATERIAL_MODE;FLAG_DOCUMENT_3,FLAG_OWN_CAR;CNT_CHILDREN;AMT_ANNUITY;WEEKDAY_APPR_PROCESS_START;HOUR_APPR_PROCESS_START;APARTMENTS_AVG;YEARS_BEGINEXPLUATATION_AVG;FLOORSMAX_AVG;FLOORSMAX_MODE;FLOORSMIN_MEDI;FLAG_DOCUMENT_3,home_credit,CODE_GENDER,12
proxy_aware_rollback,training_only,0.7098530240989886,0.3618379101913479,0.0705311160104147,0.0310900191868843,0.966550328074829,0.1448140900195694,0.1448140900195694,0.578855218855219,0.1851,False,63.17,probe at or below tau,9,9,8,0.5065,116,1920,0.0005865577706979,34,34,22,CNT_CHILDREN;AMT_CREDIT;AMT_GOODS_PRICE;NAME_EDUCATION_TYPE;DAYS_REGISTRATION;FLAG_CONT_MOBILE;HOUR_APPR_PROCESS_START;REG_CITY_NOT_WORK_CITY;EXT_SOURCE_3;APARTMENTS_AVG;YEARS_BEGINEXPLUATATION_AVG;YEARS_BUILD_AVG;COMMONAREA_AVG;ELEVATORS_AVG;FLOORSMAX_AVG;LIVINGAPARTMENTS_AVG;YEARS_BEGINEXPLUATATION_MODE;FLOORSMAX_MODE;FLOORSMIN_MODE;LANDAREA_MODE;LIVINGAPARTMENTS_MODE;NONLIVINGAREA_MODE;BASEMENTAREA_MEDI;YEARS_BEGINEXPLUATATION_MEDI;FLOORSMAX_MEDI;FLOORSMIN_MEDI;LIVINGAPARTMENTS_MEDI;LIVINGAREA_MEDI;NONLIVINGAPARTMENTS_MEDI;NONLIVINGAREA_MEDI;TOTALAREA_MODE;WALLSMATERIAL_MODE;FLAG_DOCUMENT_3;AMT_REQ_CREDIT_BUREAU_MON,CNT_CHILDREN;DAYS_REGISTRATION;DAYS_ID_PUBLISH;CNT_FAM_MEMBERS;HOUR_APPR_PROCESS_START;REG_CITY_NOT_WORK_CITY;YEARS_BUILD_AVG;ENTRANCES_AVG;FLOORSMIN_AVG;LIVINGAREA_AVG;NONLIVINGAREA_AVG;BASEMENTAREA_MODE;YEARS_BUILD_MODE;COMMONAREA_MODE;ENTRANCES_MODE;LIVINGAREA_MODE;APARTMENTS_MEDI;YEARS_BUILD_MEDI;ENTRANCES_MEDI;LANDAREA_MEDI;LIVINGAREA_MEDI;FLAG_DOCUMENT_3,home_credit,CODE_GENDER,13
proxy_aware_rollback,training_only,0.6528990057561487,0.2666143380429095,0.0741675778059762,0.0107921076862067,0.988310443358835,0.1198830409356725,0.1198830409356725,0.6643766914589602,0.1851,False,54.0,probe at or below tau,8,8,8,0.5283,116,1920,0.0007609543576001,23,23,30,NAME_HOUSING_TYPE;FLAG_EMP_PHONE;FLAG_CONT_MOBILE;FLAG_PHONE;CNT_FAM_MEMBERS;LIVE_CITY_NOT_WORK_CITY;APARTMENTS_AVG;YEARS_BEGINEXPLUATATION_AVG;FLOORSMIN_AVG;LANDAREA_AVG;LIVINGAPARTMENTS_AVG;LIVINGAREA_AVG;APARTMENTS_MODE;ENTRANCES_MODE;FLOORSMIN_MODE;APARTMENTS_MEDI;COMMONAREA_MEDI;FLOORSMIN_MEDI;LANDAREA_MEDI;NONLIVINGAREA_MEDI;OBS_30_CNT_SOCIAL_CIRCLE;OBS_60_CNT_SOCIAL_CIRCLE;FLAG_DOCUMENT_3,FLAG_OWN_CAR;CNT_CHILDREN;AMT_CREDIT;FLAG_EMP_PHONE;CNT_FAM_MEMBERS;REG_CITY_NOT_WORK_CITY;LIVE_CITY_NOT_WORK_CITY;EXT_SOURCE_2;EXT_SOURCE_3;APARTMENTS_AVG;COMMONAREA_AVG;ELEVATORS_AVG;FLOORSMAX_AVG;LANDAREA_AVG;BASEMENTAREA_MODE;YEARS_BEGINEXPLUATATION_MODE;YEARS_BUILD_MODE;FLOORSMAX_MODE;LANDAREA_MODE;LIVINGAPARTMENTS_MODE;NONLIVINGAREA_MODE;YEARS_BEGINEXPLUATATION_MEDI;YEARS_BUILD_MEDI;FLOORSMAX_MEDI;LIVINGAPARTMENTS_MEDI;NONLIVINGAREA_MEDI;TOTALAREA_MODE;OBS_30_CNT_SOCIAL_CIRCLE;DAYS_LAST_PHONE_CHANGE;FLAG_DOCUMENT_3,home_credit,CODE_GENDER,14
proxy_aware_rollback,training_only,0.6903308933963607,0.3282426656970156,0.0731007500174572,0.0020483655248032,0.9977722155971118,0.1267123287671233,0.1267123287671233,0.6896175699718773,0.1735,False,67.63,probe at or below tau,9,9,8,0.4878,116,1920,0.0003295220393386,19,19,17,FLAG_EMP_PHONE;FLAG_CONT_MOBILE;FLAG_PHONE;CNT_FAM_MEMBERS;LIVE_CITY_NOT_WORK_CITY;ENTRANCES_AVG;FLOORSMAX_AVG;ENTRANCES_MODE;FLOORSMIN_MODE;NONLIVINGAREA_MODE;APARTMENTS_MEDI;BASEMENTAREA_MEDI;FLOORSMAX_MEDI;FLOORSMIN_MEDI;LIVINGAPARTMENTS_MEDI;LIVINGAREA_MEDI;NONLIVINGAREA_MEDI;TOTALAREA_MODE;AMT_REQ_CREDIT_BUREAU_MON,FLAG_OWN_CAR;CNT_CHILDREN;AMT_CREDIT;AMT_GOODS_PRICE;DAYS_REGISTRATION;FLAG_EMP_PHONE;LIVE_CITY_NOT_WORK_CITY;COMMONAREA_AVG;APARTMENTS_MODE;YEARS_BUILD_MODE;LANDAREA_MODE;BASEMENTAREA_MEDI;LIVINGAREA_MEDI;WALLSMATERIAL_MODE;OBS_60_CNT_SOCIAL_CIRCLE;AMT_REQ_CREDIT_BUREAU_MON;AMT_REQ_CREDIT_BUREAU_YEAR,home_credit,CODE_GENDER,15
proxy_aware_rollback,training_only,0.729398869091848,0.3531532101244209,0.0710394417836982,0.0084802699869255,0.9907991267602996,0.0301117047110247,0.0301117047110247,0.6993515463126391,0.1829,False,95.55,max rounds (probe reached tau in last round),10,10,8,0.5063,116,1920,0.0007194775352192,22,22,22,FLAG_OWN_CAR;FLAG_OWN_REALTY;DAYS_REGISTRATION;FLAG_EMP_PHONE;FLAG_CONT_MOBILE;CNT_FAM_MEMBERS;HOUR_APPR_PROCESS_START;ORGANIZATION_TYPE;YEARS_BEGINEXPLUATATION_AVG;FLOORSMIN_AVG;YEARS_BEGINEXPLUATATION_MODE;YEARS_BUILD_MODE;ELEVATORS_MODE;FLOORSMIN_MODE;LIVINGAREA_MODE;NONLIVINGAREA_MODE;APARTMENTS_MEDI;COMMONAREA_MEDI;LIVINGAPARTMENTS_MEDI;LIVINGAREA_MEDI;WALLSMATERIAL_MODE;OBS_60_CNT_SOCIAL_CIRCLE,FLAG_OWN_CAR;FLAG_OWN_REALTY;AMT_CREDIT;AMT_GOODS_PRICE;NAME_TYPE_SUITE;DAYS_EMPLOYED;FLAG_EMP_PHONE;CNT_FAM_MEMBERS;ORGANIZATION_TYPE;EXT_SOURCE_2;COMMONAREA_AVG;COMMONAREA_MODE;ENTRANCES_MODE;LIVINGAPARTMENTS_MODE;NONLIVINGAREA_MODE;BASEMENTAREA_MEDI;YEARS_BEGINEXPLUATATION_MEDI;COMMONAREA_MEDI;FLOORSMIN_MEDI;TOTALAREA_MODE;OBS_60_CNT_SOCIAL_CIRCLE;AMT_REQ_CREDIT_BUREAU_YEAR,home_credit,CODE_GENDER,16
proxy_aware_rollback,training_only,0.6992237522330956,0.3137242502331904,0.0715665487519995,0.0169090062707084,0.9817142687928456,0.0262263234579892,0.0262263234579892,0.5884434635362165,0.1831,False,57.89,probe at or below tau,9,9,8,0.4692,116,1920,0.0008114987975173,19,19,13,FLAG_EMP_PHONE;FLAG_CONT_MOBILE;HOUR_APPR_PROCESS_START;YEARS_BEGINEXPLUATATION_AVG;FLOORSMAX_AVG;LIVINGAREA_AVG;BASEMENTAREA_MODE;ENTRANCES_MODE;FLOORSMAX_MODE;LIVINGAREA_MODE;NONLIVINGAPARTMENTS_MODE;APARTMENTS_MEDI;ENTRANCES_MEDI;FLOORSMAX_MEDI;LANDAREA_MEDI;LIVINGAPARTMENTS_MEDI;TOTALAREA_MODE;OBS_30_CNT_SOCIAL_CIRCLE;FLAG_DOCUMENT_3,NAME_CONTRACT_TYPE;FLAG_OWN_CAR;CNT_CHILDREN;AMT_ANNUITY;NAME_INCOME_TYPE;FLAG_EMP_PHONE;YEARS_BUILD_AVG;LANDAREA_AVG;LIVINGAPARTMENTS_MODE;COMMONAREA_MEDI;FONDKAPREMONT_MODE;OBS_30_CNT_SOCIAL_CIRCLE;FLAG_DOCUMENT_3,home_credit,CODE_GENDER,17
proxy_aware_rollback,training_only,0.7049309914154269,0.3006339620255166,0.0713497521669228,0.024325367292373,0.9737647898210358,0.0875120540019286,0.0875120540019286,0.714507088060301,0.1835,False,48.08,probe at or below tau,8,8,8,0.5219,116,1920,0.0005148135619319,24,24,20,FLAG_OWN_CAR;AMT_ANNUITY;FLAG_EMP_PHONE;FLAG_CONT_MOBILE;CNT_FAM_MEMBERS;EXT_SOURCE_2;BASEMENTAREA_AVG;YEARS_BEGINEXPLUATATION_AVG;COMMONAREA_AVG;FLOORSMAX_AVG;LIVINGAPARTMENTS_AVG;LIVINGAREA_AVG;YEARS_BEGINEXPLUATATION_MODE;YEARS_BUILD_MODE;LIVINGAREA_MODE;BASEMENTAREA_MEDI;YEARS_BUILD_MEDI;LANDAREA_MEDI;LIVINGAPARTMENTS_MEDI;NONLIVINGAREA_MEDI;TOTALAREA_MODE;WALLSMATERIAL_MODE;FLAG_DOCUMENT_3;AMT_REQ_CREDIT_BUREAU_MON,FLAG_OWN_CAR;FLAG_OWN_REALTY;AMT_ANNUITY;FLAG_EMP_PHONE;CNT_FAM_MEMBERS;HOUR_APPR_PROCESS_START;APARTMENTS_AVG;BASEMENTAREA_AVG;ENTRANCES_AVG;LANDAREA_AVG;LIVINGAPARTMENTS_AVG;FLOORSMAX_MODE;LIVINGAPARTMENTS_MODE;NONLIVINGAREA_MODE;COMMONAREA_MEDI;FLOORSMAX_MEDI;FLOORSMIN_MEDI;LIVINGAREA_MEDI;OBS_60_CNT_SOCIAL_CIRCLE;AMT_REQ_CREDIT_BUREAU_MON,home_credit,CODE_GENDER,18
proxy_aware_rollback,training_only,0.7137964416535845,0.3574045002616431,0.0708168586709263,0.0189442593923032,0.9795267747906014,0.0246138996138995,0.0246138996138995,0.7321000825298417,0.1708,False,47.81,probe at or below tau,8,8,8,0.5195,116,1920,0.0005986173914519,25,25,16,FLAG_OWN_CAR;NAME_HOUSING_TYPE;DAYS_ID_PUBLISH;FLAG_EMP_PHONE;FLAG_CONT_MOBILE;FLAG_PHONE;CNT_FAM_MEMBERS;BASEMENTAREA_AVG;YEARS_BEGINEXPLUATATION_AVG;COMMONAREA_AVG;ENTRANCES_AVG;FLOORSMIN_AVG;APARTMENTS_MODE;COMMONAREA_MODE;ENTRANCES_MODE;LANDAREA_MODE;LIVINGAREA_MODE;BASEMENTAREA_MEDI;YEARS_BEGINEXPLUATATION_MEDI;ELEVATORS_MEDI;FLOORSMIN_MEDI;TOTALAREA_MODE;OBS_30_CNT_SOCIAL_CIRCLE;FLAG_DOCUMENT_3;AMT_REQ_CREDIT_BUREAU_YEAR,FLAG_OWN_CAR;NAME_EDUCATION_TYPE;FLAG_EMP_PHONE;FLAG_PHONE;CNT_FAM_MEMBERS;FLOORSMAX_AVG;LANDAREA_AVG;APARTMENTS_MODE;LANDAREA_MODE;BASEMENTAREA_MEDI;YEARS_BUILD_MEDI;ENTRANCES_MEDI;LANDAREA_MEDI;LIVINGAPARTMENTS_MEDI;TOTALAREA_MODE;AMT_REQ_CREDIT_BUREAU_YEAR,home_credit,CODE_GENDER,19
proxy_aware_rollback,training_only,0.6864522894829759,0.3175290763547447,0.0714418763602206,0.0298435389004582,0.9678585086042064,0.0285378071149811,0.0177777777777777,0.6803257675849421,0.1708,False,56.43,probe at or below tau,9,9,8,0.4852,116,1920,0.000454196849009,21,21,18,FLAG_OWN_CAR;CNT_CHILDREN;AMT_CREDIT;AMT_GOODS_PRICE;FLAG_EMP_PHONE;FLAG_CONT_MOBILE;CNT_FAM_MEMBERS;ORGANIZATION_TYPE;YEARS_BEGINEXPLUATATION_AVG;YEARS_BUILD_AVG;LIVINGAPARTMENTS_AVG;APARTMENTS_MODE;YEARS_BUILD_MODE;LANDAREA_MODE;LIVINGAREA_MODE;BASEMENTAREA_MEDI;FLOORSMIN_MEDI;LIVINGAPARTMENTS_MEDI;LIVINGAREA_MEDI;FLAG_DOCUMENT_3;AMT_REQ_CREDIT_BUREAU_QRT,FLAG_OWN_CAR;FLAG_PHONE;HOUR_APPR_PROCESS_START;ORGANIZATION_TYPE;APARTMENTS_AVG;LIVINGAPARTMENTS_AVG;NONLIVINGAREA_AVG;BASEMENTAREA_MODE;YEARS_BEGINEXPLUATATION_MODE;LANDAREA_MODE;LIVINGAPARTMENTS_MODE;APARTMENTS_MEDI;LANDAREA_MEDI;NONLIVINGAPARTMENTS_MEDI;TOTALAREA_MODE;FLAG_DOCUMENT_3;AMT_REQ_CREDIT_BUREAU_QRT;AMT_REQ_CREDIT_BUREAU_YEAR,home_credit,CODE_GENDER,20
proxy_aware_rollback,training_only,0.6860754957604119,0.2750646873139086,0.071078130289518,0.0450733752620545,0.951739618406285,0.0813673567645643,0.0813673567645643,0.6551556797888035,0.183,False,49.2,probe at or below tau,8,8,8,0.5449,116,1920,0.0004645826129319,23,23,19,FLAG_OWN_CAR;AMT_CREDIT;AMT_GOODS_PRICE;NAME_INCOME_TYPE;DAYS_REGISTRATION;FLAG_WORK_PHONE;FLAG_CONT_MOBILE;HOUR_APPR_PROCESS_START;BASEMENTAREA_AVG;YEARS_BEGINEXPLUATATION_AVG;YEARS_BUILD_AVG;ELEVATORS_AVG;FLOORSMAX_AVG;FLOORSMIN_AVG;LANDAREA_AVG;LIVINGAPARTMENTS_AVG;NONLIVINGAREA_AVG;YEARS_BEGINEXPLUATATION_MODE;FLOORSMIN_MODE;YEARS_BUILD_MEDI;ENTRANCES_MEDI;FLOORSMAX_MEDI;FLOORSMIN_MEDI,FLAG_OWN_CAR;CNT_CHILDREN;AMT_CREDIT;AMT_ANNUITY;NAME_INCOME_TYPE;NAME_HOUSING_TYPE;FLAG_EMP_PHONE;WEEKDAY_APPR_PROCESS_START;YEARS_BUILD_AVG;ELEVATORS_AVG;LIVINGAREA_AVG;BASEMENTAREA_MODE;YEARS_BUILD_MODE;COMMONAREA_MODE;LIVINGAPARTMENTS_MODE;YEARS_BEGINEXPLUATATION_MEDI;YEARS_BUILD_MEDI;LIVINGAREA_MEDI;NONLIVINGAREA_MEDI,home_credit,CODE_GENDER,21
proxy_aware_rollback,training_only,0.6872032420069667,0.3143513614637514,0.0721288788412835,0.0184540317367641,0.980050718512257,0.0440020953378732,0.0440020953378732,0.5870446125347331,0.1763,False,48.78,probe at or below tau,8,8,8,0.5242,116,1920,0.0006416701870195,13,13,17,FLAG_OWN_REALTY;CNT_CHILDREN;FLAG_CONT_MOBILE;COMMONAREA_AVG;FLOORSMAX_AVG;LANDAREA_AVG;ENTRANCES_MODE;FLOORSMIN_MODE;LANDAREA_MODE;LIVINGAPARTMENTS_MODE;FLOORSMIN_MEDI;DEF_30_CNT_SOCIAL_CIRCLE;FLAG_DOCUMENT_3,FLAG_OWN_CAR;CNT_CHILDREN;COMMONAREA_AVG;FLOORSMAX_AVG;LIVINGAPARTMENTS_AVG;LIVINGAREA_AVG;APARTMENTS_MODE;YEARS_BUILD_MODE;ENTRANCES_MODE;FLOORSMAX_MODE;BASEMENTAREA_MEDI;COMMONAREA_MEDI;FLOORSMAX_MEDI;LANDAREA_MEDI;LIVINGAREA_MEDI;FLAG_DOCUMENT_3;AMT_REQ_CREDIT_BUREAU_QRT,home_credit,CODE_GENDER,22
proxy_aware_rollback,training_only,0.7050205787340784,0.3184512987526283,0.0707369158997076,0.0101781437938723,0.9890026897036028,0.0739046701974,0.0739046701974,0.7050760334118655,0.175,False,49.09,probe at or below tau,8,8,8,0.5491,116,1920,0.0006216584247537,19,19,24,FLAG_OWN_CAR;DAYS_EMPLOYED;DAYS_REGISTRATION;FLAG_EMP_PHONE;FLAG_CONT_MOBILE;CNT_FAM_MEMBERS;BASEMENTAREA_AVG;YEARS_BEGINEXPLUATATION_AVG;COMMONAREA_AVG;NONLIVINGAREA_AVG;BASEMENTAREA_MODE;YEARS_BUILD_MODE;LIVINGAREA_MODE;COMMONAREA_MEDI;ENTRANCES_MEDI;LANDAREA_MEDI;TOTALAREA_MODE;OBS_30_CNT_SOCIAL_CIRCLE;FLAG_DOCUMENT_3,NAME_CONTRACT_TYPE;FLAG_OWN_CAR;CNT_CHILDREN;DAYS_EMPLOYED;CNT_FAM_MEMBERS;REG_CITY_NOT_WORK_CITY;LIVE_CITY_NOT_WORK_CITY;BASEMENTAREA_AVG;YEARS_BEGINEXPLUATATION_AVG;ENTRANCES_AVG;LIVINGAREA_AVG;APARTMENTS_MODE;YEARS_BEGINEXPLUATATION_MODE;YEARS_BUILD_MODE;COMMONAREA_MODE;FLOORSMAX_MODE;LANDAREA_MODE;LIVINGAREA_MODE;COMMONAREA_MEDI;LIVINGAREA_MEDI;NONLIVINGAREA_MEDI;OBS_60_CNT_SOCIAL_CIRCLE;DAYS_LAST_PHONE_CHANGE;FLAG_DOCUMENT_3,home_credit,CODE_GENDER,23
proxy_aware_rollback,training_only,0.7041077969649399,0.3334903192046048,0.0718884197671131,0.018185673607044,0.9803617965521376,0.0153846153846153,0.0153846153846153,0.5968712619617225,0.1788,False,48.02,probe at or below tau,8,8,8,0.5452,116,1920,0.0005926818362165,10,10,15,FLAG_CONT_MOBILE;EXT_SOURCE_3;APARTMENTS_AVG;NONLIVINGAREA_AVG;BASEMENTAREA_MODE;ENTRANCES_MODE;LIVINGAPARTMENTS_MODE;LIVINGAREA_MODE;YEARS_BUILD_MEDI;TOTALAREA_MODE,AMT_CREDIT;LIVE_REGION_NOT_WORK_REGION;EXT_SOURCE_2;EXT_SOURCE_3;YEARS_BUILD_AVG;APARTMENTS_MODE;BASEMENTAREA_MODE;COMMONAREA_MODE;FLOORSMAX_MODE;LIVINGAPARTMENTS_MODE;APARTMENTS_MEDI;FONDKAPREMONT_MODE;TOTALAREA_MODE;WALLSMATERIAL_MODE;AMT_REQ_CREDIT_BUREAU_YEAR,home_credit,CODE_GENDER,24
