attribute,feature,round,treated,n_unique
CODE_GENDER,NAME_CONTRACT_TYPE,1,False,2
CODE_GENDER,FLAG_OWN_CAR,1,True,4
CODE_GENDER,FLAG_OWN_REALTY,1,False,2
CODE_GENDER,FLAG_MOBIL,1,False,2
CODE_GENDER,FLAG_EMP_PHONE,1,True,5
CODE_GENDER,FLAG_WORK_PHONE,1,False,2
CODE_GENDER,FLAG_CONT_MOBILE,1,False,2
CODE_GENDER,FLAG_PHONE,1,False,2
CODE_GENDER,FLAG_EMAIL,1,False,2
CODE_GENDER,REG_REGION_NOT_LIVE_REGION,1,False,2
CODE_GENDER,REG_REGION_NOT_WORK_REGION,1,False,2
CODE_GENDER,LIVE_REGION_NOT_WORK_REGION,1,False,2
CODE_GENDER,REG_CITY_NOT_LIVE_CITY,1,False,2
CODE_GENDER,REG_CITY_NOT_WORK_CITY,1,True,4
CODE_GENDER,LIVE_CITY_NOT_WORK_CITY,1,True,4
CODE_GENDER,FLAG_DOCUMENT_2,1,False,1
CODE_GENDER,FLAG_DOCUMENT_3,1,True,4
CODE_GENDER,FLAG_DOCUMENT_4,1,False,1
CODE_GENDER,FLAG_DOCUMENT_5,1,False,2
CODE_GENDER,FLAG_DOCUMENT_6,1,True,4
CODE_GENDER,FLAG_DOCUMENT_7,1,False,2
CODE_GENDER,FLAG_DOCUMENT_8,1,True,4
CODE_GENDER,FLAG_DOCUMENT_9,1,False,2
CODE_GENDER,FLAG_DOCUMENT_10,1,False,2
CODE_GENDER,FLAG_DOCUMENT_11,1,False,2
CODE_GENDER,FLAG_DOCUMENT_12,1,False,1
CODE_GENDER,FLAG_DOCUMENT_13,1,False,2
CODE_GENDER,FLAG_DOCUMENT_14,1,False,2
CODE_GENDER,FLAG_DOCUMENT_15,1,False,2
CODE_GENDER,FLAG_DOCUMENT_16,1,False,2
CODE_GENDER,FLAG_DOCUMENT_17,1,False,2
CODE_GENDER,FLAG_DOCUMENT_18,1,False,2
CODE_GENDER,FLAG_DOCUMENT_19,1,False,2
CODE_GENDER,FLAG_DOCUMENT_20,1,False,2
CODE_GENDER,FLAG_DOCUMENT_21,1,False,2
CODE_GENDER,NAME_CONTRACT_TYPE,2,False,2
CODE_GENDER,FLAG_OWN_CAR,2,True,10
CODE_GENDER,FLAG_OWN_REALTY,2,True,4
CODE_GENDER,FLAG_MOBIL,2,False,2
CODE_GENDER,FLAG_EMP_PHONE,2,True,14
CODE_GENDER,FLAG_WORK_PHONE,2,True,4
CODE_GENDER,FLAG_CONT_MOBILE,2,False,2
CODE_GENDER,FLAG_PHONE,2,True,4
CODE_GENDER,FLAG_EMAIL,2,False,2
CODE_GENDER,REG_REGION_NOT_LIVE_REGION,2,False,2
CODE_GENDER,REG_REGION_NOT_WORK_REGION,2,True,4
CODE_GENDER,LIVE_REGION_NOT_WORK_REGION,2,True,4
CODE_GENDER,REG_CITY_NOT_LIVE_CITY,2,True,4
CODE_GENDER,REG_CITY_NOT_WORK_CITY,2,True,10
CODE_GENDER,LIVE_CITY_NOT_WORK_CITY,2,True,12
CODE_GENDER,FLAG_DOCUMENT_2,2,False,1
CODE_GENDER,FLAG_DOCUMENT_3,2,True,11
CODE_GENDER,FLAG_DOCUMENT_4,2,False,1
CODE_GENDER,FLAG_DOCUMENT_5,2,False,2
CODE_GENDER,FLAG_DOCUMENT_6,2,True,12
CODE_GENDER,FLAG_DOCUMENT_7,2,False,2
CODE_GENDER,FLAG_DOCUMENT_8,2,True,12
CODE_GENDER,FLAG_DOCUMENT_9,2,False,2
CODE_GENDER,FLAG_DOCUMENT_10,2,False,2
CODE_GENDER,FLAG_DOCUMENT_11,2,False,2
CODE_GENDER,FLAG_DOCUMENT_12,2,False,1
CODE_GENDER,FLAG_DOCUMENT_13,2,False,2
CODE_GENDER,FLAG_DOCUMENT_14,2,False,2
CODE_GENDER,FLAG_DOCUMENT_15,2,False,2
CODE_GENDER,FLAG_DOCUMENT_16,2,False,2
CODE_GENDER,FLAG_DOCUMENT_17,2,False,2
CODE_GENDER,FLAG_DOCUMENT_18,2,False,2
CODE_GENDER,FLAG_DOCUMENT_19,2,False,2
CODE_GENDER,FLAG_DOCUMENT_20,2,False,2
CODE_GENDER,FLAG_DOCUMENT_21,2,False,2
CODE_GENDER,NAME_CONTRACT_TYPE,3,False,2
CODE_GENDER,FLAG_OWN_CAR,3,True,31
CODE_GENDER,FLAG_OWN_REALTY,3,True,12
CODE_GENDER,FLAG_MOBIL,3,False,2
CODE_GENDER,FLAG_EMP_PHONE,3,True,48
CODE_GENDER,FLAG_WORK_PHONE,3,True,12
CODE_GENDER,FLAG_CONT_MOBILE,3,False,2
CODE_GENDER,FLAG_PHONE,3,True,13
CODE_GENDER,FLAG_EMAIL,3,False,2
CODE_GENDER,REG_REGION_NOT_LIVE_REGION,3,False,2
CODE_GENDER,REG_REGION_NOT_WORK_REGION,3,True,9
CODE_GENDER,LIVE_REGION_NOT_WORK_REGION,3,True,9
CODE_GENDER,REG_CITY_NOT_LIVE_CITY,3,True,8
CODE_GENDER,REG_CITY_NOT_WORK_CITY,3,True,26
CODE_GENDER,LIVE_CITY_NOT_WORK_CITY,3,True,31
CODE_GENDER,FLAG_DOCUMENT_2,3,False,1
CODE_GENDER,FLAG_DOCUMENT_3,3,True,34
CODE_GENDER,FLAG_DOCUMENT_4,3,False,1
CODE_GENDER,FLAG_DOCUMENT_5,3,False,2
CODE_GENDER,FLAG_DOCUMENT_6,3,True,22
CODE_GENDER,FLAG_DOCUMENT_7,3,False,2
CODE_GENDER,FLAG_DOCUMENT_8,3,True,35
CODE_GENDER,FLAG_DOCUMENT_9,3,False,2
CODE_GENDER,FLAG_DOCUMENT_10,3,False,2
CODE_GENDER,FLAG_DOCUMENT_11,3,False,2
CODE_GENDER,FLAG_DOCUMENT_12,3,False,1
CODE_GENDER,FLAG_DOCUMENT_13,3,False,2
CODE_GENDER,FLAG_DOCUMENT_14,3,False,2
CODE_GENDER,FLAG_DOCUMENT_15,3,False,2
CODE_GENDER,FLAG_DOCUMENT_16,3,False,2
CODE_GENDER,FLAG_DOCUMENT_17,3,False,2
CODE_GENDER,FLAG_DOCUMENT_18,3,False,2
CODE_GENDER,FLAG_DOCUMENT_19,3,False,2
CODE_GENDER,FLAG_DOCUMENT_20,3,False,2
CODE_GENDER,FLAG_DOCUMENT_21,3,False,2
CODE_GENDER,NAME_CONTRACT_TYPE,4,False,2
CODE_GENDER,FLAG_OWN_CAR,4,True,93
CODE_GENDER,FLAG_OWN_REALTY,4,True,30
CODE_GENDER,FLAG_MOBIL,4,False,2
CODE_GENDER,FLAG_EMP_PHONE,4,True,144
CODE_GENDER,FLAG_WORK_PHONE,4,True,34
CODE_GENDER,FLAG_CONT_MOBILE,4,False,2
CODE_GENDER,FLAG_PHONE,4,True,39
CODE_GENDER,FLAG_EMAIL,4,False,2
CODE_GENDER,REG_REGION_NOT_LIVE_REGION,4,False,2
CODE_GENDER,REG_REGION_NOT_WORK_REGION,4,True,24
CODE_GENDER,LIVE_REGION_NOT_WORK_REGION,4,True,24
CODE_GENDER,REG_CITY_NOT_LIVE_CITY,4,True,19
CODE_GENDER,REG_CITY_NOT_WORK_CITY,4,True,78
CODE_GENDER,LIVE_CITY_NOT_WORK_CITY,4,True,88
CODE_GENDER,FLAG_DOCUMENT_2,4,False,1
CODE_GENDER,FLAG_DOCUMENT_3,4,True,102
CODE_GENDER,FLAG_DOCUMENT_4,4,False,1
CODE_GENDER,FLAG_DOCUMENT_5,4,False,2
CODE_GENDER,FLAG_DOCUMENT_6,4,True,32
CODE_GENDER,FLAG_DOCUMENT_7,4,False,2
CODE_GENDER,FLAG_DOCUMENT_8,4,True,74
CODE_GENDER,FLAG_DOCUMENT_9,4,False,2
CODE_GENDER,FLAG_DOCUMENT_10,4,False,2
CODE_GENDER,FLAG_DOCUMENT_11,4,False,2
CODE_GENDER,FLAG_DOCUMENT_12,4,False,1
CODE_GENDER,FLAG_DOCUMENT_13,4,False,2
CODE_GENDER,FLAG_DOCUMENT_14,4,False,2
CODE_GENDER,FLAG_DOCUMENT_15,4,False,2
CODE_GENDER,FLAG_DOCUMENT_16,4,False,2
CODE_GENDER,FLAG_DOCUMENT_17,4,False,2
CODE_GENDER,FLAG_DOCUMENT_18,4,False,2
CODE_GENDER,FLAG_DOCUMENT_19,4,False,2
CODE_GENDER,FLAG_DOCUMENT_20,4,False,2
CODE_GENDER,FLAG_DOCUMENT_21,4,False,2
CODE_GENDER,NAME_CONTRACT_TYPE,5,False,2
CODE_GENDER,FLAG_OWN_CAR,5,True,229
CODE_GENDER,FLAG_OWN_REALTY,5,True,77
CODE_GENDER,FLAG_MOBIL,5,False,2
CODE_GENDER,FLAG_EMP_PHONE,5,True,350
CODE_GENDER,FLAG_WORK_PHONE,5,True,79
CODE_GENDER,FLAG_CONT_MOBILE,5,False,2
CODE_GENDER,FLAG_PHONE,5,True,101
CODE_GENDER,FLAG_EMAIL,5,False,2
CODE_GENDER,REG_REGION_NOT_LIVE_REGION,5,True,5
CODE_GENDER,REG_REGION_NOT_WORK_REGION,5,True,52
CODE_GENDER,LIVE_REGION_NOT_WORK_REGION,5,True,55
CODE_GENDER,REG_CITY_NOT_LIVE_CITY,5,True,48
CODE_GENDER,REG_CITY_NOT_WORK_CITY,5,True,188
CODE_GENDER,LIVE_CITY_NOT_WORK_CITY,5,True,199
CODE_GENDER,FLAG_DOCUMENT_2,5,False,1
CODE_GENDER,FLAG_DOCUMENT_3,5,True,255
CODE_GENDER,FLAG_DOCUMENT_4,5,False,1
CODE_GENDER,FLAG_DOCUMENT_5,5,False,2
CODE_GENDER,FLAG_DOCUMENT_6,5,True,56
CODE_GENDER,FLAG_DOCUMENT_7,5,False,2
CODE_GENDER,FLAG_DOCUMENT_8,5,True,149
CODE_GENDER,FLAG_DOCUMENT_9,5,False,2
CODE_GENDER,FLAG_DOCUMENT_10,5,False,2
CODE_GENDER,FLAG_DOCUMENT_11,5,False,2
CODE_GENDER,FLAG_DOCUMENT_12,5,False,1
CODE_GENDER,FLAG_DOCUMENT_13,5,True,5
CODE_GENDER,FLAG_DOCUMENT_14,5,False,2
CODE_GENDER,FLAG_DOCUMENT_15,5,False,2
CODE_GENDER,FLAG_DOCUMENT_16,5,False,2
CODE_GENDER,FLAG_DOCUMENT_17,5,False,2
CODE_GENDER,FLAG_DOCUMENT_18,5,True,4
CODE_GENDER,FLAG_DOCUMENT_19,5,False,2
CODE_GENDER,FLAG_DOCUMENT_20,5,False,2
CODE_GENDER,FLAG_DOCUMENT_21,5,False,2
CODE_GENDER,NAME_CONTRACT_TYPE,6,False,2
CODE_GENDER,FLAG_OWN_CAR,6,True,370
CODE_GENDER,FLAG_OWN_REALTY,6,True,143
CODE_GENDER,FLAG_MOBIL,6,False,2
CODE_GENDER,FLAG_EMP_PHONE,6,True,624
CODE_GENDER,FLAG_WORK_PHONE,6,True,147
CODE_GENDER,FLAG_CONT_MOBILE,6,False,2
CODE_GENDER,FLAG_PHONE,6,True,191
CODE_GENDER,FLAG_EMAIL,6,True,3
CODE_GENDER,REG_REGION_NOT_LIVE_REGION,6,True,11
CODE_GENDER,REG_REGION_NOT_WORK_REGION,6,True,68
CODE_GENDER,LIVE_REGION_NOT_WORK_REGION,6,True,74
CODE_GENDER,REG_CITY_NOT_LIVE_CITY,6,True,56
CODE_GENDER,REG_CITY_NOT_WORK_CITY,6,True,194
CODE_GENDER,LIVE_CITY_NOT_WORK_CITY,6,True,199
CODE_GENDER,FLAG_DOCUMENT_2,6,False,1
CODE_GENDER,FLAG_DOCUMENT_3,6,True,447
CODE_GENDER,FLAG_DOCUMENT_4,6,False,1
CODE_GENDER,FLAG_DOCUMENT_5,6,False,2
CODE_GENDER,FLAG_DOCUMENT_6,6,True,60
CODE_GENDER,FLAG_DOCUMENT_7,6,False,2
CODE_GENDER,FLAG_DOCUMENT_8,6,True,187
CODE_GENDER,FLAG_DOCUMENT_9,6,False,2
CODE_GENDER,FLAG_DOCUMENT_10,6,False,2
CODE_GENDER,FLAG_DOCUMENT_11,6,False,2
CODE_GENDER,FLAG_DOCUMENT_12,6,False,1
CODE_GENDER,FLAG_DOCUMENT_13,6,True,11
CODE_GENDER,FLAG_DOCUMENT_14,6,False,2
CODE_GENDER,FLAG_DOCUMENT_15,6,True,4
CODE_GENDER,FLAG_DOCUMENT_16,6,False,2
CODE_GENDER,FLAG_DOCUMENT_17,6,False,2
CODE_GENDER,FLAG_DOCUMENT_18,6,True,8
CODE_GENDER,FLAG_DOCUMENT_19,6,False,2
CODE_GENDER,FLAG_DOCUMENT_20,6,False,2
CODE_GENDER,FLAG_DOCUMENT_21,6,False,2
CODE_GENDER,NAME_CONTRACT_TYPE,7,False,2
CODE_GENDER,FLAG_OWN_CAR,7,True,453
CODE_GENDER,FLAG_OWN_REALTY,7,True,179
CODE_GENDER,FLAG_MOBIL,7,False,2
CODE_GENDER,FLAG_EMP_PHONE,7,True,825
CODE_GENDER,FLAG_WORK_PHONE,7,True,184
CODE_GENDER,FLAG_CONT_MOBILE,7,True,3
CODE_GENDER,FLAG_PHONE,7,True,244
CODE_GENDER,FLAG_EMAIL,7,True,5
CODE_GENDER,REG_REGION_NOT_LIVE_REGION,7,True,17
CODE_GENDER,REG_REGION_NOT_WORK_REGION,7,True,79
CODE_GENDER,LIVE_REGION_NOT_WORK_REGION,7,True,85
CODE_GENDER,REG_CITY_NOT_LIVE_CITY,7,True,67
CODE_GENDER,REG_CITY_NOT_WORK_CITY,7,True,234
CODE_GENDER,LIVE_CITY_NOT_WORK_CITY,7,True,230
CODE_GENDER,FLAG_DOCUMENT_2,7,False,1
CODE_GENDER,FLAG_DOCUMENT_3,7,True,467
CODE_GENDER,FLAG_DOCUMENT_4,7,False,1
CODE_GENDER,FLAG_DOCUMENT_5,7,True,3
CODE_GENDER,FLAG_DOCUMENT_6,7,True,61
CODE_GENDER,FLAG_DOCUMENT_7,7,False,2
CODE_GENDER,FLAG_DOCUMENT_8,7,True,190
CODE_GENDER,FLAG_DOCUMENT_9,7,True,3
CODE_GENDER,FLAG_DOCUMENT_10,7,False,2
CODE_GENDER,FLAG_DOCUMENT_11,7,True,3
CODE_GENDER,FLAG_DOCUMENT_12,7,False,1
CODE_GENDER,FLAG_DOCUMENT_13,7,True,11
CODE_GENDER,FLAG_DOCUMENT_14,7,True,3
CODE_GENDER,FLAG_DOCUMENT_15,7,True,5
CODE_GENDER,FLAG_DOCUMENT_16,7,True,3
CODE_GENDER,FLAG_DOCUMENT_17,7,True,2
CODE_GENDER,FLAG_DOCUMENT_18,7,True,11
CODE_GENDER,FLAG_DOCUMENT_19,7,False,2
CODE_GENDER,FLAG_DOCUMENT_20,7,False,2
CODE_GENDER,FLAG_DOCUMENT_21,7,True,3
CODE_GENDER,NAME_CONTRACT_TYPE,8,True,4
CODE_GENDER,FLAG_OWN_CAR,8,True,478
CODE_GENDER,FLAG_OWN_REALTY,8,True,378
CODE_GENDER,FLAG_MOBIL,8,True,1
CODE_GENDER,FLAG_EMP_PHONE,8,True,1518
CODE_GENDER,FLAG_WORK_PHONE,8,True,315
CODE_GENDER,FLAG_CONT_MOBILE,8,True,9
CODE_GENDER,FLAG_PHONE,8,True,466
CODE_GENDER,FLAG_EMAIL,8,True,13
CODE_GENDER,REG_REGION_NOT_LIVE_REGION,8,True,37
CODE_GENDER,REG_REGION_NOT_WORK_REGION,8,True,73
CODE_GENDER,LIVE_REGION_NOT_WORK_REGION,8,True,93
CODE_GENDER,REG_CITY_NOT_LIVE_CITY,8,True,84
CODE_GENDER,REG_CITY_NOT_WORK_CITY,8,True,292
CODE_GENDER,LIVE_CITY_NOT_WORK_CITY,8,True,277
CODE_GENDER,FLAG_DOCUMENT_2,8,True,1
CODE_GENDER,FLAG_DOCUMENT_3,8,True,803
CODE_GENDER,FLAG_DOCUMENT_4,8,True,1
CODE_GENDER,FLAG_DOCUMENT_5,8,True,8
CODE_GENDER,FLAG_DOCUMENT_6,8,True,38
CODE_GENDER,FLAG_DOCUMENT_7,8,True,1
CODE_GENDER,FLAG_DOCUMENT_8,8,True,130
CODE_GENDER,FLAG_DOCUMENT_9,8,True,6
CODE_GENDER,FLAG_DOCUMENT_10,8,True,1
CODE_GENDER,FLAG_DOCUMENT_11,8,True,8
CODE_GENDER,FLAG_DOCUMENT_12,8,True,1
CODE_GENDER,FLAG_DOCUMENT_13,8,True,9
CODE_GENDER,FLAG_DOCUMENT_14,8,True,6
CODE_GENDER,FLAG_DOCUMENT_15,8,True,7
CODE_GENDER,FLAG_DOCUMENT_16,8,True,8
CODE_GENDER,FLAG_DOCUMENT_17,8,True,1
CODE_GENDER,FLAG_DOCUMENT_18,8,True,19
CODE_GENDER,FLAG_DOCUMENT_19,8,True,4
CODE_GENDER,FLAG_DOCUMENT_20,8,True,4
CODE_GENDER,FLAG_DOCUMENT_21,8,True,1
CODE_GENDER,NAME_CONTRACT_TYPE,9,True,11
CODE_GENDER,FLAG_OWN_CAR,9,True,362
CODE_GENDER,FLAG_OWN_REALTY,9,True,618
CODE_GENDER,FLAG_MOBIL,9,True,1
CODE_GENDER,FLAG_EMP_PHONE,9,True,2313
CODE_GENDER,FLAG_WORK_PHONE,9,True,500
CODE_GENDER,FLAG_CONT_MOBILE,9,True,30
CODE_GENDER,FLAG_PHONE,9,True,724
CODE_GENDER,FLAG_EMAIL,9,True,37
CODE_GENDER,REG_REGION_NOT_LIVE_REGION,9,True,52
CODE_GENDER,REG_REGION_NOT_WORK_REGION,9,True,53
CODE_GENDER,LIVE_REGION_NOT_WORK_REGION,9,True,85
CODE_GENDER,REG_CITY_NOT_LIVE_CITY,9,True,96
CODE_GENDER,REG_CITY_NOT_WORK_CITY,9,True,346
CODE_GENDER,LIVE_CITY_NOT_WORK_CITY,9,True,309
CODE_GENDER,FLAG_DOCUMENT_2,9,True,1
CODE_GENDER,FLAG_DOCUMENT_3,9,True,1295
CODE_GENDER,FLAG_DOCUMENT_4,9,True,1
CODE_GENDER,FLAG_DOCUMENT_5,9,True,20
CODE_GENDER,FLAG_DOCUMENT_6,9,True,26
CODE_GENDER,FLAG_DOCUMENT_7,9,True,1
CODE_GENDER,FLAG_DOCUMENT_8,9,True,97
CODE_GENDER,FLAG_DOCUMENT_9,9,True,12
CODE_GENDER,FLAG_DOCUMENT_10,9,True,1
CODE_GENDER,FLAG_DOCUMENT_11,9,True,15
CODE_GENDER,FLAG_DOCUMENT_12,9,True,1
CODE_GENDER,FLAG_DOCUMENT_13,9,True,10
CODE_GENDER,FLAG_DOCUMENT_14,9,True,14
CODE_GENDER,FLAG_DOCUMENT_15,9,True,1
CODE_GENDER,FLAG_DOCUMENT_16,9,True,16
CODE_GENDER,FLAG_DOCUMENT_17,9,True,1
CODE_GENDER,FLAG_DOCUMENT_18,9,True,19
CODE_GENDER,FLAG_DOCUMENT_19,9,True,4
CODE_GENDER,FLAG_DOCUMENT_20,9,True,4
CODE_GENDER,FLAG_DOCUMENT_21,9,True,1
REGION_RATING_CLIENT,NAME_CONTRACT_TYPE,1,False,2
REGION_RATING_CLIENT,FLAG_OWN_CAR,1,False,2
REGION_RATING_CLIENT,FLAG_OWN_REALTY,1,False,2
REGION_RATING_CLIENT,FLAG_MOBIL,1,False,2
REGION_RATING_CLIENT,FLAG_EMP_PHONE,1,False,2
REGION_RATING_CLIENT,FLAG_WORK_PHONE,1,False,2
REGION_RATING_CLIENT,FLAG_CONT_MOBILE,1,False,2
REGION_RATING_CLIENT,FLAG_PHONE,1,False,2
REGION_RATING_CLIENT,FLAG_EMAIL,1,False,2
REGION_RATING_CLIENT,REG_REGION_NOT_LIVE_REGION,1,False,2
REGION_RATING_CLIENT,REG_REGION_NOT_WORK_REGION,1,False,2
REGION_RATING_CLIENT,LIVE_REGION_NOT_WORK_REGION,1,False,2
REGION_RATING_CLIENT,REG_CITY_NOT_LIVE_CITY,1,False,2
REGION_RATING_CLIENT,REG_CITY_NOT_WORK_CITY,1,False,2
REGION_RATING_CLIENT,LIVE_CITY_NOT_WORK_CITY,1,False,2
REGION_RATING_CLIENT,FLAG_DOCUMENT_2,1,False,1
REGION_RATING_CLIENT,FLAG_DOCUMENT_3,1,False,2
REGION_RATING_CLIENT,FLAG_DOCUMENT_4,1,False,1
REGION_RATING_CLIENT,FLAG_DOCUMENT_5,1,False,2
REGION_RATING_CLIENT,FLAG_DOCUMENT_6,1,False,2
REGION_RATING_CLIENT,FLAG_DOCUMENT_7,1,False,2
REGION_RATING_CLIENT,FLAG_DOCUMENT_8,1,False,2
REGION_RATING_CLIENT,FLAG_DOCUMENT_9,1,False,2
REGION_RATING_CLIENT,FLAG_DOCUMENT_10,1,False,2
REGION_RATING_CLIENT,FLAG_DOCUMENT_11,1,False,2
REGION_RATING_CLIENT,FLAG_DOCUMENT_12,1,False,1
REGION_RATING_CLIENT,FLAG_DOCUMENT_13,1,False,2
REGION_RATING_CLIENT,FLAG_DOCUMENT_14,1,False,2
REGION_RATING_CLIENT,FLAG_DOCUMENT_15,1,False,2
REGION_RATING_CLIENT,FLAG_DOCUMENT_16,1,False,2
REGION_RATING_CLIENT,FLAG_DOCUMENT_17,1,False,2
REGION_RATING_CLIENT,FLAG_DOCUMENT_18,1,False,2
REGION_RATING_CLIENT,FLAG_DOCUMENT_19,1,False,2
REGION_RATING_CLIENT,FLAG_DOCUMENT_20,1,False,2
REGION_RATING_CLIENT,FLAG_DOCUMENT_21,1,False,2
REGION_RATING_CLIENT,NAME_CONTRACT_TYPE,2,False,2
REGION_RATING_CLIENT,FLAG_OWN_CAR,2,False,2
REGION_RATING_CLIENT,FLAG_OWN_REALTY,2,False,2
REGION_RATING_CLIENT,FLAG_MOBIL,2,False,2
REGION_RATING_CLIENT,FLAG_EMP_PHONE,2,False,2
REGION_RATING_CLIENT,FLAG_WORK_PHONE,2,False,2
REGION_RATING_CLIENT,FLAG_CONT_MOBILE,2,False,2
REGION_RATING_CLIENT,FLAG_PHONE,2,True,4
REGION_RATING_CLIENT,FLAG_EMAIL,2,False,2
REGION_RATING_CLIENT,REG_REGION_NOT_LIVE_REGION,2,False,2
REGION_RATING_CLIENT,REG_REGION_NOT_WORK_REGION,2,False,2
REGION_RATING_CLIENT,LIVE_REGION_NOT_WORK_REGION,2,False,2
REGION_RATING_CLIENT,REG_CITY_NOT_LIVE_CITY,2,False,2
REGION_RATING_CLIENT,REG_CITY_NOT_WORK_CITY,2,False,2
REGION_RATING_CLIENT,LIVE_CITY_NOT_WORK_CITY,2,False,2
REGION_RATING_CLIENT,FLAG_DOCUMENT_2,2,False,1
REGION_RATING_CLIENT,FLAG_DOCUMENT_3,2,False,2
REGION_RATING_CLIENT,FLAG_DOCUMENT_4,2,False,1
REGION_RATING_CLIENT,FLAG_DOCUMENT_5,2,False,2
REGION_RATING_CLIENT,FLAG_DOCUMENT_6,2,False,2
REGION_RATING_CLIENT,FLAG_DOCUMENT_7,2,False,2
REGION_RATING_CLIENT,FLAG_DOCUMENT_8,2,False,2
REGION_RATING_CLIENT,FLAG_DOCUMENT_9,2,False,2
REGION_RATING_CLIENT,FLAG_DOCUMENT_10,2,False,2
REGION_RATING_CLIENT,FLAG_DOCUMENT_11,2,False,2
REGION_RATING_CLIENT,FLAG_DOCUMENT_12,2,False,1
REGION_RATING_CLIENT,FLAG_DOCUMENT_13,2,False,2
REGION_RATING_CLIENT,FLAG_DOCUMENT_14,2,False,2
REGION_RATING_CLIENT,FLAG_DOCUMENT_15,2,False,2
REGION_RATING_CLIENT,FLAG_DOCUMENT_16,2,False,2
REGION_RATING_CLIENT,FLAG_DOCUMENT_17,2,False,2
REGION_RATING_CLIENT,FLAG_DOCUMENT_18,2,False,2
REGION_RATING_CLIENT,FLAG_DOCUMENT_19,2,False,2
REGION_RATING_CLIENT,FLAG_DOCUMENT_20,2,False,2
REGION_RATING_CLIENT,FLAG_DOCUMENT_21,2,False,2
REGION_RATING_CLIENT,NAME_CONTRACT_TYPE,3,False,2
REGION_RATING_CLIENT,FLAG_OWN_CAR,3,False,2
REGION_RATING_CLIENT,FLAG_OWN_REALTY,3,False,2
REGION_RATING_CLIENT,FLAG_MOBIL,3,False,2
REGION_RATING_CLIENT,FLAG_EMP_PHONE,3,False,2
REGION_RATING_CLIENT,FLAG_WORK_PHONE,3,False,2
REGION_RATING_CLIENT,FLAG_CONT_MOBILE,3,False,2
REGION_RATING_CLIENT,FLAG_PHONE,3,True,11
REGION_RATING_CLIENT,FLAG_EMAIL,3,False,2
REGION_RATING_CLIENT,REG_REGION_NOT_LIVE_REGION,3,False,2
REGION_RATING_CLIENT,REG_REGION_NOT_WORK_REGION,3,True,4
REGION_RATING_CLIENT,LIVE_REGION_NOT_WORK_REGION,3,True,4
REGION_RATING_CLIENT,REG_CITY_NOT_LIVE_CITY,3,False,2
REGION_RATING_CLIENT,REG_CITY_NOT_WORK_CITY,3,False,2
REGION_RATING_CLIENT,LIVE_CITY_NOT_WORK_CITY,3,False,2
REGION_RATING_CLIENT,FLAG_DOCUMENT_2,3,False,1
REGION_RATING_CLIENT,FLAG_DOCUMENT_3,3,True,4
REGION_RATING_CLIENT,FLAG_DOCUMENT_4,3,False,1
REGION_RATING_CLIENT,FLAG_DOCUMENT_5,3,False,2
REGION_RATING_CLIENT,FLAG_DOCUMENT_6,3,False,2
REGION_RATING_CLIENT,FLAG_DOCUMENT_7,3,False,2
REGION_RATING_CLIENT,FLAG_DOCUMENT_8,3,True,4
REGION_RATING_CLIENT,FLAG_DOCUMENT_9,3,False,2
REGION_RATING_CLIENT,FLAG_DOCUMENT_10,3,False,2
REGION_RATING_CLIENT,FLAG_DOCUMENT_11,3,False,2
REGION_RATING_CLIENT,FLAG_DOCUMENT_12,3,False,1
REGION_RATING_CLIENT,FLAG_DOCUMENT_13,3,False,2
REGION_RATING_CLIENT,FLAG_DOCUMENT_14,3,False,2
REGION_RATING_CLIENT,FLAG_DOCUMENT_15,3,False,2
REGION_RATING_CLIENT,FLAG_DOCUMENT_16,3,False,2
REGION_RATING_CLIENT,FLAG_DOCUMENT_17,3,False,2
REGION_RATING_CLIENT,FLAG_DOCUMENT_18,3,False,2
REGION_RATING_CLIENT,FLAG_DOCUMENT_19,3,False,2
REGION_RATING_CLIENT,FLAG_DOCUMENT_20,3,False,2
REGION_RATING_CLIENT,FLAG_DOCUMENT_21,3,False,2
REGION_RATING_CLIENT,NAME_CONTRACT_TYPE,4,False,2
REGION_RATING_CLIENT,FLAG_OWN_CAR,4,False,2
REGION_RATING_CLIENT,FLAG_OWN_REALTY,4,False,2
REGION_RATING_CLIENT,FLAG_MOBIL,4,False,2
REGION_RATING_CLIENT,FLAG_EMP_PHONE,4,True,5
REGION_RATING_CLIENT,FLAG_WORK_PHONE,4,False,2
REGION_RATING_CLIENT,FLAG_CONT_MOBILE,4,False,2
REGION_RATING_CLIENT,FLAG_PHONE,4,True,38
REGION_RATING_CLIENT,FLAG_EMAIL,4,True,4
REGION_RATING_CLIENT,REG_REGION_NOT_LIVE_REGION,4,False,2
REGION_RATING_CLIENT,REG_REGION_NOT_WORK_REGION,4,True,11
REGION_RATING_CLIENT,LIVE_REGION_NOT_WORK_REGION,4,True,12
REGION_RATING_CLIENT,REG_CITY_NOT_LIVE_CITY,4,False,2
REGION_RATING_CLIENT,REG_CITY_NOT_WORK_CITY,4,False,2
REGION_RATING_CLIENT,LIVE_CITY_NOT_WORK_CITY,4,False,2
REGION_RATING_CLIENT,FLAG_DOCUMENT_2,4,False,1
REGION_RATING_CLIENT,FLAG_DOCUMENT_3,4,True,11
REGION_RATING_CLIENT,FLAG_DOCUMENT_4,4,False,1
REGION_RATING_CLIENT,FLAG_DOCUMENT_5,4,False,2
REGION_RATING_CLIENT,FLAG_DOCUMENT_6,4,False,2
REGION_RATING_CLIENT,FLAG_DOCUMENT_7,4,False,2
REGION_RATING_CLIENT,FLAG_DOCUMENT_8,4,True,13
REGION_RATING_CLIENT,FLAG_DOCUMENT_9,4,False,2
REGION_RATING_CLIENT,FLAG_DOCUMENT_10,4,False,2
REGION_RATING_CLIENT,FLAG_DOCUMENT_11,4,False,2
REGION_RATING_CLIENT,FLAG_DOCUMENT_12,4,False,1
REGION_RATING_CLIENT,FLAG_DOCUMENT_13,4,False,2
REGION_RATING_CLIENT,FLAG_DOCUMENT_14,4,False,2
REGION_RATING_CLIENT,FLAG_DOCUMENT_15,4,False,2
REGION_RATING_CLIENT,FLAG_DOCUMENT_16,4,False,2
REGION_RATING_CLIENT,FLAG_DOCUMENT_17,4,False,2
REGION_RATING_CLIENT,FLAG_DOCUMENT_18,4,False,2
REGION_RATING_CLIENT,FLAG_DOCUMENT_19,4,False,2
REGION_RATING_CLIENT,FLAG_DOCUMENT_20,4,False,2
REGION_RATING_CLIENT,FLAG_DOCUMENT_21,4,False,2
REGION_RATING_CLIENT,NAME_CONTRACT_TYPE,5,False,2
REGION_RATING_CLIENT,FLAG_OWN_CAR,5,True,4
REGION_RATING_CLIENT,FLAG_OWN_REALTY,5,False,2
REGION_RATING_CLIENT,FLAG_MOBIL,5,False,2
REGION_RATING_CLIENT,FLAG_EMP_PHONE,5,True,16
REGION_RATING_CLIENT,FLAG_WORK_PHONE,5,False,2
REGION_RATING_CLIENT,FLAG_CONT_MOBILE,5,False,2
REGION_RATING_CLIENT,FLAG_PHONE,5,True,125
REGION_RATING_CLIENT,FLAG_EMAIL,5,True,13
REGION_RATING_CLIENT,REG_REGION_NOT_LIVE_REGION,5,False,2
REGION_RATING_CLIENT,REG_REGION_NOT_WORK_REGION,5,True,33
REGION_RATING_CLIENT,LIVE_REGION_NOT_WORK_REGION,5,True,37
REGION_RATING_CLIENT,REG_CITY_NOT_LIVE_CITY,5,True,4
REGION_RATING_CLIENT,REG_CITY_NOT_WORK_CITY,5,True,4
REGION_RATING_CLIENT,LIVE_CITY_NOT_WORK_CITY,5,False,2
REGION_RATING_CLIENT,FLAG_DOCUMENT_2,5,False,1
REGION_RATING_CLIENT,FLAG_DOCUMENT_3,5,True,35
REGION_RATING_CLIENT,FLAG_DOCUMENT_4,5,False,1
REGION_RATING_CLIENT,FLAG_DOCUMENT_5,5,False,2
REGION_RATING_CLIENT,FLAG_DOCUMENT_6,5,False,2
REGION_RATING_CLIENT,FLAG_DOCUMENT_7,5,False,2
REGION_RATING_CLIENT,FLAG_DOCUMENT_8,5,True,40
REGION_RATING_CLIENT,FLAG_DOCUMENT_9,5,False,2
REGION_RATING_CLIENT,FLAG_DOCUMENT_10,5,False,2
REGION_RATING_CLIENT,FLAG_DOCUMENT_11,5,False,2
REGION_RATING_CLIENT,FLAG_DOCUMENT_12,5,False,1
REGION_RATING_CLIENT,FLAG_DOCUMENT_13,5,False,2
REGION_RATING_CLIENT,FLAG_DOCUMENT_14,5,False,2
REGION_RATING_CLIENT,FLAG_DOCUMENT_15,5,False,2
REGION_RATING_CLIENT,FLAG_DOCUMENT_16,5,False,2
REGION_RATING_CLIENT,FLAG_DOCUMENT_17,5,False,2
REGION_RATING_CLIENT,FLAG_DOCUMENT_18,5,False,2
REGION_RATING_CLIENT,FLAG_DOCUMENT_19,5,False,2
REGION_RATING_CLIENT,FLAG_DOCUMENT_20,5,False,2
REGION_RATING_CLIENT,FLAG_DOCUMENT_21,5,False,2
REGION_RATING_CLIENT,NAME_CONTRACT_TYPE,6,True,5
REGION_RATING_CLIENT,FLAG_OWN_CAR,6,True,10
REGION_RATING_CLIENT,FLAG_OWN_REALTY,6,True,4
REGION_RATING_CLIENT,FLAG_MOBIL,6,False,2
REGION_RATING_CLIENT,FLAG_EMP_PHONE,6,True,56
REGION_RATING_CLIENT,FLAG_WORK_PHONE,6,True,4
REGION_RATING_CLIENT,FLAG_CONT_MOBILE,6,False,2
REGION_RATING_CLIENT,FLAG_PHONE,6,True,385
REGION_RATING_CLIENT,FLAG_EMAIL,6,True,47
REGION_RATING_CLIENT,REG_REGION_NOT_LIVE_REGION,6,True,4
REGION_RATING_CLIENT,REG_REGION_NOT_WORK_REGION,6,True,93
REGION_RATING_CLIENT,LIVE_REGION_NOT_WORK_REGION,6,True,90
REGION_RATING_CLIENT,REG_CITY_NOT_LIVE_CITY,6,True,12
REGION_RATING_CLIENT,REG_CITY_NOT_WORK_CITY,6,True,11
REGION_RATING_CLIENT,LIVE_CITY_NOT_WORK_CITY,6,False,2
REGION_RATING_CLIENT,FLAG_DOCUMENT_2,6,False,1
REGION_RATING_CLIENT,FLAG_DOCUMENT_3,6,True,123
REGION_RATING_CLIENT,FLAG_DOCUMENT_4,6,False,1
REGION_RATING_CLIENT,FLAG_DOCUMENT_5,6,False,2
REGION_RATING_CLIENT,FLAG_DOCUMENT_6,6,True,4
REGION_RATING_CLIENT,FLAG_DOCUMENT_7,6,False,2
REGION_RATING_CLIENT,FLAG_DOCUMENT_8,6,True,132
REGION_RATING_CLIENT,FLAG_DOCUMENT_9,6,True,5
REGION_RATING_CLIENT,FLAG_DOCUMENT_10,6,False,2
REGION_RATING_CLIENT,FLAG_DOCUMENT_11,6,False,2
REGION_RATING_CLIENT,FLAG_DOCUMENT_12,6,False,1
REGION_RATING_CLIENT,FLAG_DOCUMENT_13,6,False,2
REGION_RATING_CLIENT,FLAG_DOCUMENT_14,6,True,5
REGION_RATING_CLIENT,FLAG_DOCUMENT_15,6,False,2
REGION_RATING_CLIENT,FLAG_DOCUMENT_16,6,False,2
REGION_RATING_CLIENT,FLAG_DOCUMENT_17,6,False,2
REGION_RATING_CLIENT,FLAG_DOCUMENT_18,6,False,2
REGION_RATING_CLIENT,FLAG_DOCUMENT_19,6,False,2
REGION_RATING_CLIENT,FLAG_DOCUMENT_20,6,False,2
REGION_RATING_CLIENT,FLAG_DOCUMENT_21,6,False,2
REGION_RATING_CLIENT,NAME_CONTRACT_TYPE,7,True,7
REGION_RATING_CLIENT,FLAG_OWN_CAR,7,True,12
REGION_RATING_CLIENT,FLAG_OWN_REALTY,7,True,5
REGION_RATING_CLIENT,FLAG_MOBIL,7,False,2
REGION_RATING_CLIENT,FLAG_EMP_PHONE,7,True,60
REGION_RATING_CLIENT,FLAG_WORK_PHONE,7,True,5
REGION_RATING_CLIENT,FLAG_CONT_MOBILE,7,True,3
REGION_RATING_CLIENT,FLAG_PHONE,7,True,389
REGION_RATING_CLIENT,FLAG_EMAIL,7,True,48
REGION_RATING_CLIENT,REG_REGION_NOT_LIVE_REGION,7,True,4
REGION_RATING_CLIENT,REG_REGION_NOT_WORK_REGION,7,True,94
REGION_RATING_CLIENT,LIVE_REGION_NOT_WORK_REGION,7,True,91
REGION_RATING_CLIENT,REG_CITY_NOT_LIVE_CITY,7,True,13
REGION_RATING_CLIENT,REG_CITY_NOT_WORK_CITY,7,True,12
REGION_RATING_CLIENT,LIVE_CITY_NOT_WORK_CITY,7,True,3
REGION_RATING_CLIENT,FLAG_DOCUMENT_2,7,False,1
REGION_RATING_CLIENT,FLAG_DOCUMENT_3,7,True,126
REGION_RATING_CLIENT,FLAG_DOCUMENT_4,7,True,1
REGION_RATING_CLIENT,FLAG_DOCUMENT_5,7,True,2
REGION_RATING_CLIENT,FLAG_DOCUMENT_6,7,True,4
REGION_RATING_CLIENT,FLAG_DOCUMENT_7,7,False,2
REGION_RATING_CLIENT,FLAG_DOCUMENT_8,7,True,134
REGION_RATING_CLIENT,FLAG_DOCUMENT_9,7,True,5
REGION_RATING_CLIENT,FLAG_DOCUMENT_10,7,False,2
REGION_RATING_CLIENT,FLAG_DOCUMENT_11,7,True,2
REGION_RATING_CLIENT,FLAG_DOCUMENT_12,7,False,1
REGION_RATING_CLIENT,FLAG_DOCUMENT_13,7,True,3
REGION_RATING_CLIENT,FLAG_DOCUMENT_14,7,True,6
REGION_RATING_CLIENT,FLAG_DOCUMENT_15,7,False,2
REGION_RATING_CLIENT,FLAG_DOCUMENT_16,7,True,2
REGION_RATING_CLIENT,FLAG_DOCUMENT_17,7,False,2
REGION_RATING_CLIENT,FLAG_DOCUMENT_18,7,True,3
REGION_RATING_CLIENT,FLAG_DOCUMENT_19,7,True,2
REGION_RATING_CLIENT,FLAG_DOCUMENT_20,7,False,2
REGION_RATING_CLIENT,FLAG_DOCUMENT_21,7,False,2
REGION_RATING_CLIENT,NAME_CONTRACT_TYPE,8,True,18
REGION_RATING_CLIENT,FLAG_OWN_CAR,8,True,38
REGION_RATING_CLIENT,FLAG_OWN_REALTY,8,True,17
REGION_RATING_CLIENT,FLAG_MOBIL,8,True,1
REGION_RATING_CLIENT,FLAG_EMP_PHONE,8,True,215
REGION_RATING_CLIENT,FLAG_WORK_PHONE,8,True,10
REGION_RATING_CLIENT,FLAG_CONT_MOBILE,8,True,9
REGION_RATING_CLIENT,FLAG_PHONE,8,True,717
REGION_RATING_CLIENT,FLAG_EMAIL,8,True,127
REGION_RATING_CLIENT,REG_REGION_NOT_LIVE_REGION,8,True,10
REGION_RATING_CLIENT,REG_REGION_NOT_WORK_REGION,8,True,86
REGION_RATING_CLIENT,LIVE_REGION_NOT_WORK_REGION,8,True,85
REGION_RATING_CLIENT,REG_CITY_NOT_LIVE_CITY,8,True,36
REGION_RATING_CLIENT,REG_CITY_NOT_WORK_CITY,8,True,38
REGION_RATING_CLIENT,LIVE_CITY_NOT_WORK_CITY,8,True,8
REGION_RATING_CLIENT,FLAG_DOCUMENT_2,8,True,1
REGION_RATING_CLIENT,FLAG_DOCUMENT_3,8,True,413
REGION_RATING_CLIENT,FLAG_DOCUMENT_4,8,True,1
REGION_RATING_CLIENT,FLAG_DOCUMENT_5,8,True,4
REGION_RATING_CLIENT,FLAG_DOCUMENT_6,8,True,13
REGION_RATING_CLIENT,FLAG_DOCUMENT_7,8,True,1
REGION_RATING_CLIENT,FLAG_DOCUMENT_8,8,True,234
REGION_RATING_CLIENT,FLAG_DOCUMENT_9,8,True,8
REGION_RATING_CLIENT,FLAG_DOCUMENT_10,8,True,1
REGION_RATING_CLIENT,FLAG_DOCUMENT_11,8,True,5
REGION_RATING_CLIENT,FLAG_DOCUMENT_12,8,True,1
REGION_RATING_CLIENT,FLAG_DOCUMENT_13,8,True,5
REGION_RATING_CLIENT,FLAG_DOCUMENT_14,8,True,9
REGION_RATING_CLIENT,FLAG_DOCUMENT_15,8,True,5
REGION_RATING_CLIENT,FLAG_DOCUMENT_16,8,True,5
REGION_RATING_CLIENT,FLAG_DOCUMENT_17,8,True,4
REGION_RATING_CLIENT,FLAG_DOCUMENT_18,8,True,6
REGION_RATING_CLIENT,FLAG_DOCUMENT_19,8,True,1
REGION_RATING_CLIENT,FLAG_DOCUMENT_20,8,True,3
REGION_RATING_CLIENT,FLAG_DOCUMENT_21,8,True,3
REGION_RATING_CLIENT,NAME_CONTRACT_TYPE,9,True,43
REGION_RATING_CLIENT,FLAG_OWN_CAR,9,True,98
REGION_RATING_CLIENT,FLAG_OWN_REALTY,9,True,43
REGION_RATING_CLIENT,FLAG_MOBIL,9,True,1
REGION_RATING_CLIENT,FLAG_EMP_PHONE,9,True,542
REGION_RATING_CLIENT,FLAG_WORK_PHONE,9,True,31
REGION_RATING_CLIENT,FLAG_CONT_MOBILE,9,True,20
REGION_RATING_CLIENT,FLAG_PHONE,9,True,772
REGION_RATING_CLIENT,FLAG_EMAIL,9,True,162
REGION_RATING_CLIENT,REG_REGION_NOT_LIVE_REGION,9,True,16
REGION_RATING_CLIENT,REG_REGION_NOT_WORK_REGION,9,True,86
REGION_RATING_CLIENT,LIVE_REGION_NOT_WORK_REGION,9,True,84
REGION_RATING_CLIENT,REG_CITY_NOT_LIVE_CITY,9,True,58
REGION_RATING_CLIENT,REG_CITY_NOT_WORK_CITY,9,True,81
REGION_RATING_CLIENT,LIVE_CITY_NOT_WORK_CITY,9,True,17
REGION_RATING_CLIENT,FLAG_DOCUMENT_2,9,True,1
REGION_RATING_CLIENT,FLAG_DOCUMENT_3,9,True,727
REGION_RATING_CLIENT,FLAG_DOCUMENT_4,9,True,1
REGION_RATING_CLIENT,FLAG_DOCUMENT_5,9,True,7
REGION_RATING_CLIENT,FLAG_DOCUMENT_6,9,True,37
REGION_RATING_CLIENT,FLAG_DOCUMENT_7,9,True,1
REGION_RATING_CLIENT,FLAG_DOCUMENT_8,9,True,261
REGION_RATING_CLIENT,FLAG_DOCUMENT_9,9,True,9
REGION_RATING_CLIENT,FLAG_DOCUMENT_10,9,True,1
REGION_RATING_CLIENT,FLAG_DOCUMENT_11,9,True,9
REGION_RATING_CLIENT,FLAG_DOCUMENT_12,9,True,1
REGION_RATING_CLIENT,FLAG_DOCUMENT_13,9,True,9
REGION_RATING_CLIENT,FLAG_DOCUMENT_14,9,True,11
REGION_RATING_CLIENT,FLAG_DOCUMENT_15,9,True,6
REGION_RATING_CLIENT,FLAG_DOCUMENT_16,9,True,14
REGION_RATING_CLIENT,FLAG_DOCUMENT_17,9,True,3
REGION_RATING_CLIENT,FLAG_DOCUMENT_18,9,True,6
REGION_RATING_CLIENT,FLAG_DOCUMENT_19,9,True,1
REGION_RATING_CLIENT,FLAG_DOCUMENT_20,9,True,3
REGION_RATING_CLIENT,FLAG_DOCUMENT_21,9,True,3
REGION_RATING_CLIENT,NAME_CONTRACT_TYPE,10,True,103
REGION_RATING_CLIENT,FLAG_OWN_CAR,10,True,255
REGION_RATING_CLIENT,FLAG_OWN_REALTY,10,True,104
REGION_RATING_CLIENT,FLAG_MOBIL,10,True,1
REGION_RATING_CLIENT,FLAG_EMP_PHONE,10,True,1276
REGION_RATING_CLIENT,FLAG_WORK_PHONE,10,True,94
REGION_RATING_CLIENT,FLAG_CONT_MOBILE,10,True,41
REGION_RATING_CLIENT,FLAG_PHONE,10,True,931
REGION_RATING_CLIENT,FLAG_EMAIL,10,True,220
REGION_RATING_CLIENT,REG_REGION_NOT_LIVE_REGION,10,True,27
REGION_RATING_CLIENT,REG_REGION_NOT_WORK_REGION,10,True,86
REGION_RATING_CLIENT,LIVE_REGION_NOT_WORK_REGION,10,True,84
REGION_RATING_CLIENT,REG_CITY_NOT_LIVE_CITY,10,True,71
REGION_RATING_CLIENT,REG_CITY_NOT_WORK_CITY,10,True,135
REGION_RATING_CLIENT,LIVE_CITY_NOT_WORK_CITY,10,True,20
REGION_RATING_CLIENT,FLAG_DOCUMENT_2,10,True,1
REGION_RATING_CLIENT,FLAG_DOCUMENT_3,10,True,1378
REGION_RATING_CLIENT,FLAG_DOCUMENT_4,10,True,1
REGION_RATING_CLIENT,FLAG_DOCUMENT_5,10,True,6
REGION_RATING_CLIENT,FLAG_DOCUMENT_6,10,True,79
REGION_RATING_CLIENT,FLAG_DOCUMENT_7,10,True,1
REGION_RATING_CLIENT,FLAG_DOCUMENT_8,10,True,304
REGION_RATING_CLIENT,FLAG_DOCUMENT_9,10,True,13
REGION_RATING_CLIENT,FLAG_DOCUMENT_10,10,True,1
REGION_RATING_CLIENT,FLAG_DOCUMENT_11,10,True,12
REGION_RATING_CLIENT,FLAG_DOCUMENT_12,10,True,1
REGION_RATING_CLIENT,FLAG_DOCUMENT_13,10,True,14
REGION_RATING_CLIENT,FLAG_DOCUMENT_14,10,True,13
REGION_RATING_CLIENT,FLAG_DOCUMENT_15,10,True,8
REGION_RATING_CLIENT,FLAG_DOCUMENT_16,10,True,26
REGION_RATING_CLIENT,FLAG_DOCUMENT_17,10,True,1
REGION_RATING_CLIENT,FLAG_DOCUMENT_18,10,True,5
REGION_RATING_CLIENT,FLAG_DOCUMENT_19,10,True,1
REGION_RATING_CLIENT,FLAG_DOCUMENT_20,10,True,4
REGION_RATING_CLIENT,FLAG_DOCUMENT_21,10,True,3
