method,condition,auc,ks,brier,dp_diff,di_ratio,eo_diff,eopp_diff,probe_auc_after,threshold,fell_back,runtime_s,dataset,attribute,fold
none,explicit,0.7945238095238095,0.5071428571428571,0.15829810239577882,0.03885381253035458,0.9453738477296005,0.010835913312693485,0.0,0.719562243502052,0.3994,False,0.41,german_credit,sex,0
none,latent,0.7945238095238095,0.5071428571428571,0.15829810239577882,0.03885381253035458,0.9453738477296005,0.010835913312693485,0.0,0.719562243502052,0.3994,False,0.36,german_credit,sex,0
reweighing,explicit,0.8186904761904762,0.5642857142857143,0.14919888601286094,0.014570179698882857,0.9793103448275864,0.04999999999999993,0.04999999999999993,0.719562243502052,0.3978,False,0.32,german_credit,sex,0
reweighing,latent,0.7945238095238095,0.5071428571428571,0.15829810239577882,0.03885381253035458,0.9453738477296005,0.010835913312693485,0.0,0.719562243502052,0.3994,True,0.36,german_credit,sex,0
disparate_impact_remover,explicit,0.7972619047619047,0.5047619047619047,0.1574179096545058,0.014570179698882857,0.9793103448275864,0.050000000000000044,0.050000000000000044,0.719562243502052,0.3976,False,0.23,german_credit,sex,0
disparate_impact_remover,latent,0.7945238095238095,0.5071428571428571,0.15829810239577882,0.03885381253035458,0.9453738477296005,0.010835913312693485,0.0,0.719562243502052,0.3994,True,0.37,german_credit,sex,0
adversarial_debiasing,explicit,0.7635714285714286,0.48333333333333334,0.17590148745031586,0.08256435162700337,0.8911651728553137,0.125,0.125,0.719562243502052,0.467,False,0.03,german_credit,sex,0
adversarial_debiasing,latent,0.7945238095238095,0.5071428571428571,0.15829810239577882,0.03885381253035458,0.9453738477296005,0.010835913312693485,0.0,0.719562243502052,0.3994,True,0.37,german_credit,sex,0
reject_option,explicit,0.792797619047619,0.5,0.16020656752890694,0.03885381253035458,0.9453738477296005,0.010835913312693485,0.0,0.719562243502052,0.3988,False,0.83,german_credit,sex,0
reject_option,latent,0.7945238095238095,0.5071428571428571,0.15829810239577882,0.03885381253035458,0.9453738477296005,0.010835913312693485,0.0,0.719562243502052,0.3994,True,0.36,german_credit,sex,0
proxy_aware,latent,0.7685714285714286,0.4738095238095238,0.17412422566155492,0.08256435162700337,0.8911651728553137,0.17499999999999993,0.17499999999999993,0.66484268125855,0.3758,False,1.12,german_credit,sex,0
none,explicit,0.7421428571428571,0.49523809523809526,0.18112705243064453,0.04009906828635457,0.943699287961583,0.13714285714285723,0.13714285714285723,0.4867724867724867,0.3822,False,0.23,german_credit,sex,1
none,latent,0.7421428571428571,0.49523809523809526,0.18112705243064453,0.04009906828635457,0.943699287961583,0.13714285714285723,0.13714285714285723,0.4867724867724867,0.3822,False,0.23,german_credit,sex,1
reweighing,explicit,0.7438095238095238,0.4333333333333333,0.17927885043643013,0.016511381059087116,0.9765807962529275,0.13782051282051283,0.12571428571428578,0.4867724867724867,0.4005,False,0.27,german_credit,sex,1
reweighing,latent,0.7421428571428571,0.49523809523809526,0.18112705243064453,0.04009906828635457,0.943699287961583,0.13714285714285723,0.13714285714285723,0.4867724867724867,0.3822,True,0.23,german_credit,sex,1
disparate_impact_remover,explicit,0.7546428571428572,0.4785714285714286,0.17571390340272075,0.04009906828635457,0.943699287961583,0.13714285714285723,0.13714285714285723,0.4867724867724867,0.4347,False,0.23,german_credit,sex,1
disparate_impact_remover,latent,0.7421428571428571,0.49523809523809526,0.18112705243064453,0.04009906828635457,0.943699287961583,0.13714285714285723,0.13714285714285723,0.4867724867724867,0.3822,True,0.23,german_credit,sex,1
adversarial_debiasing,explicit,0.7004761904761905,0.3476190476190476,0.20415151994195085,0.1014270550772497,0.8683606306444206,0.16666666666666669,0.1314285714285714,0.4867724867724867,0.5216,False,0.03,german_credit,sex,1
adversarial_debiasing,latent,0.7421428571428571,0.49523809523809526,0.18112705243064453,0.04009906828635457,0.943699287961583,0.13714285714285723,0.13714285714285723,0.4867724867724867,0.3822,True,0.22,german_credit,sex,1
reject_option,explicit,0.7419642857142856,0.49523809523809526,0.1811608099241068,0.04009906828635457,0.943699287961583,0.13714285714285723,0.13714285714285723,0.4867724867724867,0.3822,False,0.24,german_credit,sex,1
reject_option,latent,0.7421428571428571,0.49523809523809526,0.18112705243064453,0.04009906828635457,0.943699287961583,0.13714285714285723,0.13714285714285723,0.4867724867724867,0.3822,True,0.2,german_credit,sex,1
proxy_aware,latent,0.7185714285714285,0.40476190476190477,0.19481547344215566,0.0636867555136219,0.9114754098360656,0.04571428571428582,0.04571428571428582,0.548941798941799,0.482,False,0.99,german_credit,sex,1
none,explicit,0.7202380952380951,0.33095238095238094,0.18951880634820215,0.025489514540609437,0.9639993454426444,0.03525264394829608,0.03525264394829608,0.6508344030808729,0.4172,False,0.18,german_credit,sex,2
none,latent,0.7202380952380951,0.33095238095238094,0.18951880634820215,0.025489514540609437,0.9639993454426444,0.03525264394829608,0.03525264394829608,0.6508344030808729,0.4172,False,0.18,german_credit,sex,2
reweighing,explicit,0.7283333333333334,0.36904761904761907,0.18525669475928708,0.0023172285946009286,0.9966931216931216,0.04500000000000001,0.008225616921269108,0.6508344030808729,0.3807,False,0.22,german_credit,sex,2
reweighing,latent,0.7202380952380951,0.33095238095238094,0.18951880634820215,0.025489514540609437,0.9639993454426444,0.03525264394829608,0.03525264394829608,0.6508344030808729,0.4172,True,0.18,german_credit,sex,2
disparate_impact_remover,explicit,0.7314285714285715,0.35952380952380947,0.1858959321107463,0.048661800486618056,0.9319727891156462,0.07873090481786127,0.07873090481786127,0.6508344030808729,0.4267,False,0.23,german_credit,sex,2
disparate_impact_remover,latent,0.7202380952380951,0.33095238095238094,0.18951880634820215,0.025489514540609437,0.9639993454426444,0.03525264394829608,0.03525264394829608,0.6508344030808729,0.4172,True,0.19,german_credit,sex,2
adversarial_debiasing,explicit,0.7619047619047619,0.46428571428571425,0.18284485821799173,0.09037191518943344,0.8813868613138686,0.16499999999999998,0.04582843713278495,0.6508344030808729,0.468,False,0.03,german_credit,sex,2
adversarial_debiasing,latent,0.7202380952380951,0.33095238095238094,0.18951880634820215,0.025489514540609437,0.9639993454426444,0.03525264394829608,0.03525264394829608,0.6508344030808729,0.4172,True,0.19,german_credit,sex,2
reject_option,explicit,0.7208333333333333,0.33095238095238094,0.18877529487704287,0.025489514540609437,0.9639993454426444,0.03525264394829608,0.03525264394829608,0.6508344030808729,0.4172,False,0.22,german_credit,sex,2
reject_option,latent,0.7202380952380951,0.33095238095238094,0.18951880634820215,0.025489514540609437,0.9639993454426444,0.03525264394829608,0.03525264394829608,0.6508344030808729,0.4172,True,0.19,german_credit,sex,2
proxy_aware,latent,0.7371428571428571,0.35714285714285715,0.17891419930015381,0.02085505735140769,0.9708029197080292,0.062279670975323165,0.062279670975323165,0.7188703465982028,0.3842,False,0.96,german_credit,sex,2
none,explicit,0.8148809523809525,0.5047619047619047,0.15619562109066254,0.018382352941176516,0.9739583333333333,0.050000000000000044,0.050000000000000044,0.6623876765083441,0.401,False,0.17,german_credit,sex,3
none,latent,0.8148809523809525,0.5047619047619047,0.15619562109066254,0.018382352941176516,0.9739583333333333,0.050000000000000044,0.050000000000000044,0.6623876765083441,0.401,False,0.16,german_credit,sex,3
reweighing,explicit,0.8389285714285715,0.5928571428571429,0.14638246531763344,0.04136029411764708,0.9420103092783505,0.03598484848484848,0.025000000000000022,0.6623876765083441,0.4066,False,0.23,german_credit,sex,3
reweighing,latent,0.8148809523809525,0.5047619047619047,0.15619562109066254,0.018382352941176516,0.9739583333333333,0.050000000000000044,0.050000000000000044,0.6623876765083441,0.401,True,0.17,german_credit,sex,3
disparate_impact_remover,explicit,0.8195238095238095,0.5071428571428571,0.1533130556619178,0.018382352941176516,0.9739583333333333,0.015151515151515166,0.0,0.6623876765083441,0.4059,False,0.21,german_credit,sex,3
disparate_impact_remover,latent,0.8148809523809525,0.5047619047619047,0.15619562109066254,0.018382352941176516,0.9739583333333333,0.050000000000000044,0.050000000000000044,0.6623876765083441,0.401,True,0.17,german_credit,sex,3
adversarial_debiasing,explicit,0.7729761904761904,0.4238095238095238,0.18181341850099805,0.1654411764705882,0.7963800904977376,0.32500000000000007,0.32500000000000007,0.6623876765083441,0.4965,False,0.03,german_credit,sex,3
adversarial_debiasing,latent,0.8148809523809525,0.5047619047619047,0.15619562109066254,0.018382352941176516,0.9739583333333333,0.050000000000000044,0.050000000000000044,0.6623876765083441,0.401,True,0.16,german_credit,sex,3
reject_option,explicit,0.816845238095238,0.5047619047619047,0.15513438150640335,0.018382352941176516,0.9739583333333333,0.050000000000000044,0.050000000000000044,0.6623876765083441,0.401,False,0.19,german_credit,sex,3
reject_option,latent,0.8148809523809525,0.5047619047619047,0.15619562109066254,0.018382352941176516,0.9739583333333333,0.050000000000000044,0.050000000000000044,0.6623876765083441,0.401,True,0.16,german_credit,sex,3
proxy_aware,latent,0.7589285714285714,0.42857142857142855,0.17303583626210708,0.004595588235294157,0.9934640522875816,0.09999999999999998,0.09999999999999998,0.5417201540436458,0.3774,False,0.95,german_credit,sex,3
none,explicit,0.8022619047619047,0.49999999999999994,0.1518056210239287,0.06433823529411764,0.9107142857142857,0.10884679932869815,0.09523809523809523,0.7008985879332477,0.356,False,0.29,german_credit,sex,4
none,latent,0.8022619047619047,0.49999999999999994,0.1518056210239287,0.06433823529411764,0.9107142857142857,0.10884679932869815,0.09523809523809523,0.7008985879332477,0.356,False,0.29,german_credit,sex,4
reweighing,explicit,0.7934523809523809,0.48809523809523814,0.15699923472749827,0.0873161764705882,0.8800505050505051,0.11148405658115562,0.01831501831501836,0.7008985879332477,0.3403,False,0.31,german_credit,sex,4
reweighing,latent,0.8022619047619047,0.49999999999999994,0.1518056210239287,0.06433823529411764,0.9107142857142857,0.10884679932869815,0.09523809523809523,0.7008985879332477,0.356,True,0.29,german_credit,sex,4
disparate_impact_remover,explicit,0.7977380952380951,0.46666666666666673,0.15156981770038655,0.0873161764705882,0.8800505050505051,0.12179333493167108,0.04395604395604402,0.7008985879332477,0.3635,False,0.32,german_credit,sex,4
disparate_impact_remover,latent,0.8022619047619047,0.49999999999999994,0.1518056210239287,0.06433823529411764,0.9107142857142857,0.10884679932869815,0.09523809523809523,0.7008985879332477,0.356,True,0.3,german_credit,sex,4
adversarial_debiasing,explicit,0.7722619047619048,0.44047619047619047,0.1755503806008323,0.05055147058823528,0.9311639549436797,0.2820512820512821,0.2820512820512821,0.7008985879332477,0.476,False,0.03,german_credit,sex,4
adversarial_debiasing,latent,0.8022619047619047,0.49999999999999994,0.1518056210239287,0.06433823529411764,0.9107142857142857,0.10884679932869815,0.09523809523809523,0.7008985879332477,0.356,True,0.3,german_credit,sex,4
reject_option,explicit,0.8023214285714286,0.49999999999999994,0.15159929310833176,0.06433823529411764,0.9107142857142857,0.10884679932869815,0.09523809523809523,0.7008985879332477,0.356,False,0.32,german_credit,sex,4
reject_option,latent,0.8022619047619047,0.49999999999999994,0.1518056210239287,0.06433823529411764,0.9107142857142857,0.10884679932869815,0.09523809523809523,0.7008985879332477,0.356,True,0.3,german_credit,sex,4
proxy_aware,latent,0.7547619047619046,0.44999999999999996,0.16840209011896115,0.018382352941176516,0.9739583333333333,0.06227106227106227,0.06227106227106227,0.7689345314505776,0.3645,False,0.9,german_credit,sex,4
none,explicit,0.743452380952381,0.4357142857142857,0.17303623359457063,0.06491164803461957,0.9129593810444874,0.12693498452012383,0.04395604395604402,0.7724867724867724,0.3651,False,0.21,german_credit,sex,5
none,latent,0.743452380952381,0.4357142857142857,0.17303623359457063,0.06491164803461957,0.9129593810444874,0.12693498452012383,0.04395604395604402,0.7724867724867724,0.3651,False,0.24,german_credit,sex,5
reweighing,explicit,0.7355952380952381,0.44285714285714284,0.17657688652392475,0.06491164803461957,0.9129593810444874,0.11721611721611724,0.11721611721611724,0.7724867724867724,0.3694,False,0.2,german_credit,sex,5
reweighing,latent,0.743452380952381,0.4357142857142857,0.17303623359457063,0.06491164803461957,0.9129593810444874,0.12693498452012383,0.04395604395604402,0.7724867724867724,0.3651,True,0.2,german_credit,sex,5
disparate_impact_remover,explicit,0.761904761904762,0.42619047619047623,0.16906662594245944,0.016828945786753202,0.9763593380614657,0.08410732714138289,0.03296703296703296,0.7724867724867724,0.3649,False,0.26,german_credit,sex,5
disparate_impact_remover,latent,0.743452380952381,0.4357142857142857,0.17303623359457063,0.06491164803461957,0.9129593810444874,0.12693498452012383,0.04395604395604402,0.7724867724867724,0.3651,True,1.09,german_credit,sex,5
adversarial_debiasing,explicit,0.6766666666666666,0.2761904761904762,0.20382972928916884,0.18511840365428534,0.7771023302938197,0.37728937728937734,0.37728937728937734,0.7724867724867724,0.4812,False,0.03,german_credit,sex,5
adversarial_debiasing,latent,0.743452380952381,0.4357142857142857,0.17303623359457063,0.06491164803461957,0.9129593810444874,0.12693498452012383,0.04395604395604402,0.7724867724867724,0.3651,True,0.22,german_credit,sex,5
reject_option,explicit,0.7433333333333334,0.4357142857142857,0.17324452943954768,0.06491164803461957,0.9129593810444874,0.12693498452012383,0.04395604395604402,0.7724867724867724,0.3651,False,0.24,german_credit,sex,5
reject_option,latent,0.743452380952381,0.4357142857142857,0.17303623359457063,0.06491164803461957,0.9129593810444874,0.12693498452012383,0.04395604395604402,0.7724867724867724,0.3651,True,0.22,german_credit,sex,5
proxy_aware,latent,0.7378571428571429,0.40476190476190477,0.1782571938967928,0.11299435028248594,0.8550724637681159,0.18681318681318687,0.18681318681318687,0.5224867724867726,0.3815,False,0.9,german_credit,sex,5
none,explicit,0.7989285714285714,0.47380952380952385,0.16104929850204833,0.01139601139601143,0.9838969404186795,0.04029304029304026,0.04029304029304026,0.6675224646983312,0.4317,False,0.26,german_credit,sex,6
none,latent,0.7989285714285714,0.47380952380952385,0.16104929850204833,0.01139601139601143,0.9838969404186795,0.04029304029304026,0.04029304029304026,0.6675224646983312,0.4317,False,0.26,german_credit,sex,6
reweighing,explicit,0.8023809523809524,0.4785714285714286,0.15907050357861444,0.07977207977207978,0.8941798941798942,0.11553030303030302,0.04029304029304026,0.6675224646983312,0.409,False,0.27,german_credit,sex,6
reweighing,latent,0.7989285714285714,0.47380952380952385,0.16104929850204833,0.01139601139601143,0.9838969404186795,0.04029304029304026,0.04029304029304026,0.6675224646983312,0.4317,True,0.26,german_credit,sex,6
disparate_impact_remover,explicit,0.7935714285714285,0.44047619047619047,0.16225427002974857,0.07977207977207978,0.8901098901098901,0.08058608058608063,0.08058608058608063,0.6675224646983312,0.4165,False,0.26,german_credit,sex,6
disparate_impact_remover,latent,0.7989285714285714,0.47380952380952385,0.16104929850204833,0.01139601139601143,0.9838969404186795,0.04029304029304026,0.04029304029304026,0.6675224646983312,0.4317,True,0.26,german_credit,sex,6
adversarial_debiasing,explicit,0.7807142857142857,0.48809523809523814,0.17939387365791754,0.1709401709401709,0.790356394129979,0.26373626373626374,0.26373626373626374,0.6675224646983312,0.4945,False,0.03,german_credit,sex,6
adversarial_debiasing,latent,0.7989285714285714,0.47380952380952385,0.16104929850204833,0.01139601139601143,0.9838969404186795,0.04029304029304026,0.04029304029304026,0.6675224646983312,0.4317,True,0.26,german_credit,sex,6
reject_option,explicit,0.7952976190476191,0.47380952380952385,0.16430471648274939,0.01139601139601143,0.9838969404186795,0.04029304029304026,0.04029304029304026,0.6675224646983312,0.4317,False,0.28,german_credit,sex,6
reject_option,latent,0.7989285714285714,0.47380952380952385,0.16104929850204833,0.01139601139601143,0.9838969404186795,0.04029304029304026,0.04029304029304026,0.6675224646983312,0.4317,True,0.25,german_credit,sex,6
proxy_aware,latent,0.7485714285714287,0.4333333333333333,0.17581599233679687,0.03418803418803418,0.9527186761229315,0.1135531135531136,0.1135531135531136,0.5609756097560976,0.3946,False,0.78,german_credit,sex,6
none,explicit,0.8136904761904762,0.5047619047619047,0.14927182605032077,0.030441400304414,0.9578503688092729,0.12985571587125416,0.025000000000000022,0.7741477272727273,0.3814,False,0.2,german_credit,sex,7
none,latent,0.8136904761904762,0.5047619047619047,0.14927182605032077,0.030441400304414,0.9578503688092729,0.12985571587125416,0.025000000000000022,0.7741477272727273,0.3814,False,0.52,german_credit,sex,7
reweighing,explicit,0.798452380952381,0.4928571428571429,0.15655504031940265,0.030441400304414,0.9578503688092729,0.12985571587125416,0.025000000000000022,0.7741477272727273,0.3925,False,0.44,german_credit,sex,7
reweighing,latent,0.8136904761904762,0.5047619047619047,0.14927182605032077,0.030441400304414,0.9578503688092729,0.12985571587125416,0.025000000000000022,0.7741477272727273,0.3814,True,0.23,german_credit,sex,7
disparate_impact_remover,explicit,0.8148809523809524,0.5142857142857143,0.15157807445298818,0.020294266869609334,0.9712333692916217,0.0615982241953385,0.050000000000000044,0.7741477272727273,0.3808,False,0.56,german_credit,sex,7
disparate_impact_remover,latent,0.8136904761904762,0.5047619047619047,0.14927182605032077,0.030441400304414,0.9578503688092729,0.12985571587125416,0.025000000000000022,0.7741477272727273,0.3814,True,0.24,german_credit,sex,7
adversarial_debiasing,explicit,0.7898809523809524,0.44761904761904764,0.16964687462911812,0.13191273465246067,0.8343421471806308,0.22641509433962265,0.07499999999999996,0.7741477272727273,0.4777,False,0.03,german_credit,sex,7
adversarial_debiasing,latent,0.8136904761904762,0.5047619047619047,0.14927182605032077,0.030441400304414,0.9578503688092729,0.12985571587125416,0.025000000000000022,0.7741477272727273,0.3814,True,0.22,german_credit,sex,7
reject_option,explicit,0.8136309523809523,0.5047619047619047,0.15023448620498406,0.030441400304414,0.9578503688092729,0.12985571587125416,0.025000000000000022,0.7741477272727273,0.3814,False,0.25,german_credit,sex,7
reject_option,latent,0.8136904761904762,0.5047619047619047,0.14927182605032077,0.030441400304414,0.9578503688092729,0.12985571587125416,0.025000000000000022,0.7741477272727273,0.3814,True,0.23,german_credit,sex,7
proxy_aware,latent,0.7751190476190477,0.4690476190476191,0.17036330800620747,0.05580923389142567,0.9246575342465754,0.125,0.125,0.4786931818181818,0.4307,False,1.12,german_credit,sex,7
none,explicit,0.7573809523809524,0.44047619047619047,0.1803426151282044,0.04136029411764708,0.9420103092783505,0.15000000000000002,0.15000000000000002,0.48652118100128366,0.366,False,0.32,german_credit,sex,8
none,latent,0.7573809523809524,0.44047619047619047,0.1803426151282044,0.04136029411764708,0.9420103092783505,0.15000000000000002,0.15000000000000002,0.48652118100128366,0.366,False,0.34,german_credit,sex,8
reweighing,explicit,0.7595238095238096,0.43333333333333335,0.18304554451412056,0.018382352941176516,0.9739583333333333,0.09999999999999998,0.09999999999999998,0.48652118100128366,0.4088,False,0.38,german_credit,sex,8
reweighing,latent,0.7573809523809524,0.44047619047619047,0.1803426151282044,0.04136029411764708,0.9420103092783505,0.15000000000000002,0.15000000000000002,0.48652118100128366,0.366,True,0.32,german_credit,sex,8
disparate_impact_remover,explicit,0.7775,0.4738095238095238,0.18080580472590085,0.06433823529411764,0.9107142857142857,0.2,0.2,0.48652118100128366,0.4188,False,0.4,german_credit,sex,8
disparate_impact_remover,latent,0.7573809523809524,0.44047619047619047,0.1803426151282044,0.04136029411764708,0.9420103092783505,0.15000000000000002,0.15000000000000002,0.48652118100128366,0.366,True,0.34,german_credit,sex,8
adversarial_debiasing,explicit,0.8205952380952382,0.5142857142857142,0.16456814786832638,0.11948529411764708,0.8470588235294118,0.175,0.175,0.48652118100128366,0.4689,False,0.03,german_credit,sex,8
adversarial_debiasing,latent,0.7573809523809524,0.44047619047619047,0.1803426151282044,0.04136029411764708,0.9420103092783505,0.15000000000000002,0.15000000000000002,0.48652118100128366,0.366,True,0.34,german_credit,sex,8
reject_option,explicit,0.7551190476190476,0.44047619047619047,0.1823588032265196,0.04136029411764708,0.9420103092783505,0.15000000000000002,0.15000000000000002,0.48652118100128366,0.366,False,0.37,german_credit,sex,8
reject_option,latent,0.7573809523809524,0.44047619047619047,0.1803426151282044,0.04136029411764708,0.9420103092783505,0.15000000000000002,0.15000000000000002,0.48652118100128366,0.366,True,0.27,german_credit,sex,8
proxy_aware,latent,0.7576190476190476,0.48333333333333334,0.1765145660685881,0.018382352941176516,0.9739583333333333,0.09999999999999998,0.09999999999999998,0.4826700898587932,0.3545,False,0.82,german_credit,sex,8
none,explicit,0.7179761904761905,0.39761904761904765,0.19155395499571015,0.1916221033868093,0.7495631916132789,0.20004927322000496,0.04040404040404044,0.73875,0.3655,False,0.33,german_credit,sex,9
none,latent,0.7179761904761905,0.39761904761904765,0.19155395499571015,0.1916221033868093,0.7495631916132789,0.20004927322000496,0.04040404040404044,0.73875,0.3655,False,0.34,german_credit,sex,9
reweighing,explicit,0.716547619047619,0.38809523809523805,0.1921585473987189,0.124777183600713,0.8319327731092437,0.09657551120965757,0.04040404040404044,0.73875,0.3913,False,0.38,german_credit,sex,9
reweighing,latent,0.7179761904761905,0.39761904761904765,0.19155395499571015,0.1916221033868093,0.7495631916132789,0.20004927322000496,0.04040404040404044,0.73875,0.3655,True,0.34,german_credit,sex,9
disparate_impact_remover,explicit,0.6945238095238095,0.3285714285714286,0.20247575486014027,0.1024955436720143,0.8605215281989084,0.11086474501108645,0.03367003367003368,0.73875,0.4537,False,0.41,german_credit,sex,9
disparate_impact_remover,latent,0.7179761904761905,0.39761904761904765,0.19155395499571015,0.1916221033868093,0.7495631916132789,0.20004927322000496,0.04040404040404044,0.73875,0.3655,True,0.33,german_credit,sex,9
adversarial_debiasing,explicit,0.6980952380952382,0.3761904761904762,0.20132847838971435,0.0579322638146168,0.9195046439628483,0.03367003367003363,0.03367003367003363,0.73875,0.4786,False,0.03,german_credit,sex,9
adversarial_debiasing,latent,0.7179761904761905,0.39761904761904765,0.19155395499571015,0.1916221033868093,0.7495631916132789,0.20004927322000496,0.04040404040404044,0.73875,0.3655,True,0.34,german_credit,sex,9
reject_option,explicit,0.7183928571428572,0.39761904761904765,0.19102455445412814,0.1916221033868093,0.7495631916132789,0.20004927322000496,0.04040404040404044,0.73875,0.3655,False,0.37,german_credit,sex,9
reject_option,latent,0.7179761904761905,0.39761904761904765,0.19155395499571015,0.1916221033868093,0.7495631916132789,0.20004927322000496,0.04040404040404044,0.73875,0.3655,True,0.31,german_credit,sex,9
proxy_aware,latent,0.6730952380952381,0.31666666666666665,0.21370793383318468,0.124777183600713,0.8319327731092437,0.1150529687115053,0.0572390572390572,0.60375,0.339,False,2.38,german_credit,sex,9
