dataset,attribute,method,condition,auc_mean,auc_std,ks_mean,ks_std,brier_mean,brier_std,dp_diff_mean,dp_diff_std,di_ratio_mean,di_ratio_std,eo_diff_mean,eo_diff_std,eopp_diff_mean,eopp_diff_std,probe_auc_after_mean,probe_auc_after_std
german_credit,sex,adversarial_debiasing,explicit,0.7537,0.0463,0.4262,0.0731,0.1839,0.0143,0.1156,0.0473,0.8537,0.0541,0.214,0.1016,0.1834,0.1216,0.666,0.1038
german_credit,sex,adversarial_debiasing,latent,0.7705,0.0383,0.459,0.0585,0.1692,0.0158,0.0527,0.0518,0.9284,0.0671,0.0989,0.0613,0.0617,0.0493,0.666,0.1038
german_credit,sex,disparate_impact_remover,explicit,0.7743,0.0393,0.45,0.0629,0.169,0.0171,0.0493,0.0326,0.9318,0.0443,0.094,0.0515,0.0707,0.0584,0.666,0.1038
german_credit,sex,disparate_impact_remover,latent,0.7705,0.0383,0.459,0.0585,0.1692,0.0158,0.0527,0.0518,0.9284,0.0671,0.0989,0.0613,0.0617,0.0493,0.666,0.1038
german_credit,sex,none,explicit,0.7705,0.0383,0.459,0.0585,0.1692,0.0158,0.0527,0.0518,0.9284,0.0671,0.0989,0.0613,0.0617,0.0493,0.666,0.1038
german_credit,sex,none,latent,0.7705,0.0383,0.459,0.0585,0.1692,0.0158,0.0527,0.0518,0.9284,0.0671,0.0989,0.0613,0.0617,0.0493,0.666,0.1038
german_credit,sex,proxy_aware,latent,0.743,0.0296,0.4221,0.0532,0.1804,0.0137,0.0536,0.042,0.9279,0.0549,0.1086,0.0463,0.1028,0.0489,0.5892,0.0987
german_credit,sex,reject_option,explicit,0.7701,0.0382,0.4583,0.0579,0.1698,0.0155,0.0527,0.0518,0.9284,0.0671,0.0989,0.0613,0.0617,0.0493,0.666,0.1038
german_credit,sex,reject_option,latent,0.7705,0.0383,0.459,0.0585,0.1692,0.0158,0.0527,0.0518,0.9284,0.0671,0.0989,0.0613,0.0617,0.0493,0.666,0.1038
german_credit,sex,reweighing,explicit,0.7736,0.0421,0.4683,0.0709,0.1685,0.0165,0.048,0.0397,0.9346,0.0531,0.0939,0.0369,0.055,0.0431,0.666,0.1038
german_credit,sex,reweighing,latent,0.7705,0.0383,0.459,0.0585,0.1692,0.0158,0.0527,0.0518,0.9284,0.0671,0.0989,0.0613,0.0617,0.0493,0.666,0.1038
