dataset,attribute,fold,ablation,auc,dp_diff,di_ratio,eo_diff,probe_auc_after,n_treated,runtime_s
home_credit,CODE_GENDER,0,full,0.7194046132199263,0.026512175962293827,0.9714194982534138,0.15308582449373193,0.5496797056017446,116,27.3
home_credit,CODE_GENDER,0,random,0.7211621056181788,0.006873527101335375,0.9925373134328359,0.08919961427193829,0.5128604528904379,116,29.0
home_credit,CODE_GENDER,0,single_pass,0.7455667451873166,0.015290090898888997,0.9834499931674284,0.06316297010607519,0.7262018341478611,15,3.0
home_credit,CODE_GENDER,0,suppression,0.6888447978751995,0.018095612164740205,0.9804331998543866,0.16272902603664416,0.5094141241067778,60,4.4
home_credit,CODE_GENDER,1,full,0.6978641329265014,0.005463250476943515,0.9940769168175823,0.06481481481481483,0.5817027719543444,116,26.8
home_credit,CODE_GENDER,1,random,0.694494068792521,0.0029148972193276945,0.996830722633195,0.015432098765432112,0.5441610373476202,116,30.1
home_credit,CODE_GENDER,1,single_pass,0.7397172202635975,0.011293044915598904,0.987759125316664,0.021604938271604923,0.7540764034474726,15,2.3
home_credit,CODE_GENDER,1,suppression,0.6221918327984444,0.011048682274457544,0.9880691874042284,0.011811578873140119,0.5097251339389705,30,2.6
home_credit,CODE_GENDER,2,full,0.677095684526162,0.012543421171320679,0.9864134943312748,0.12537239324726915,0.5726641306610648,116,25.9
home_credit,CODE_GENDER,2,random,0.6932214018834415,0.007097159604397163,0.9922964375180119,0.07621648460774577,0.5560286909290486,116,28.1
home_credit,CODE_GENDER,2,single_pass,0.6775409861982831,0.009820290387858921,0.9893518663760729,0.1894240317775571,0.7561838793315543,15,2.5
home_credit,CODE_GENDER,2,suppression,0.6779757481858568,0.012543421171320679,0.9864134943312748,0.036742800397219444,0.5983837695641476,30,3.5
home_credit,CODE_GENDER,3,full,0.6550730136647009,0.026512175962293827,0.9714194982534138,0.06138661531054404,0.5453571915341031,116,34.8
home_credit,CODE_GENDER,3,random,0.6434266622399991,0.026512175962293827,0.9714194982534138,0.04886856042368801,0.48079207149671915,116,28.2
home_credit,CODE_GENDER,3,single_pass,0.6609330782729672,0.029317697228145034,0.9684270952927669,0.03057294174289843,0.6923031990498256,15,2.4
home_credit,CODE_GENDER,3,suppression,0.6376087563699219,0.029317697228145034,0.9684270952927669,0.032739528165623505,0.5515489008742381,30,3.3
home_credit,CODE_GENDER,4,full,0.7159602302459447,0.016145818878188334,0.9825432667421848,0.04999999999999999,0.5427794072244521,116,25.5
home_credit,CODE_GENDER,4,random,0.7213919413919415,0.030022758180455744,0.9677055811801233,0.0380952380952381,0.605356591540599,116,28.2
home_credit,CODE_GENDER,4,single_pass,0.7508215593929881,0.013370431017734719,0.9855291219849208,0.01190476190476189,0.7442497684470515,15,2.2
home_credit,CODE_GENDER,4,suppression,0.7173312401883831,0.007819655296827821,0.9915193016780796,0.02619047619047621,0.5967312442111763,45,3.2
home_credit,CODE_GENDER,5,full,0.7023909274395418,0.0007057393824952962,0.99923223274209,0.02531340405014465,0.5619750913508446,116,24.9
home_credit,CODE_GENDER,5,random,0.7134786755832399,0.029589414597788855,0.9681509190655379,0.07449373191899711,0.5038357789213904,116,28.7
home_credit,CODE_GENDER,5,single_pass,0.7041826738125727,0.032343519505087404,0.9652223805733957,0.02868852459016391,0.698264812228578,15,3.1
home_credit,CODE_GENDER,5,suppression,0.6188375781912847,0.010310680246699011,0.9888211647637141,0.04026036644165862,0.4751965717128044,60,3.6
home_credit,CODE_GENDER,6,full,0.6921358143750758,0.02751890479383945,0.9703367649624848,0.059259259259259234,0.525423393478949,116,26.0
home_credit,CODE_GENDER,6,random,0.6847738447188276,0.036057414361417406,0.9612490536892735,0.2051851851851852,0.5262543526432415,116,29.2
home_credit,CODE_GENDER,6,single_pass,0.7141163264983479,0.018980395226261604,0.9794791117744126,0.06148148148148147,0.7508705286483064,15,2.9
home_credit,CODE_GENDER,6,suppression,0.6742605093829541,0.0019033760911058017,0.9979296947557428,0.10148148148148148,0.5962725546058879,30,3.8
home_credit,CODE_GENDER,7,full,0.6995873713499756,0.029838198406791805,0.9678854854260921,0.08179012345679015,0.5401465439727573,116,32.6
home_credit,CODE_GENDER,7,random,0.7092996906602586,0.027081782849582403,0.9708221039267657,0.0570987654320988,0.5367986072583267,116,28.9
home_credit,CODE_GENDER,7,single_pass,0.7081087063064202,0.04913310730725762,0.9474974779644043,0.11496913580246915,0.777333511889958,15,2.6
home_credit,CODE_GENDER,7,suppression,0.6695492703903372,0.04086386063562941,0.9561993115979496,0.08564814814814814,0.6202865833827552,30,3.4
home_credit,CODE_GENDER,8,full,0.6977271170273875,0.0011513629903818767,0.9987478367478143,0.04275362318840581,0.521710927960928,116,30.5
home_credit,CODE_GENDER,8,random,0.6708193023782798,0.0039008865495026024,0.9957658338229671,0.03405797101449276,0.5391865079365079,116,28.5
home_credit,CODE_GENDER,8,single_pass,0.7310746789348594,0.009399933667744054,0.9898364353573135,0.09202898550724639,0.742311507936508,15,2.6
home_credit,CODE_GENDER,8,suppression,0.6307263423605732,0.012596254805222085,0.98635514958144,0.05942028985507247,0.5869391025641025,30,3.1
home_credit,CODE_GENDER,9,full,0.6746049188906332,0.007115141489720811,0.9922810172591066,0.1291477679637145,0.5498291792841059,116,25.2
home_credit,CODE_GENDER,9,random,0.6771376242804814,0.015508525404849705,0.9832267630432767,0.08402960133683457,0.46397235810233717,116,26.9
home_credit,CODE_GENDER,9,single_pass,0.6960596546310831,0.03509308787348375,0.962314001787686,0.03308080808080807,0.6949879649041074,15,2.2
home_credit,CODE_GENDER,9,suppression,0.6402930402930403,0.015508525404849705,0.9832267630432767,0.038911434709954645,0.4943706809534902,45,2.8
home_credit,CODE_GENDER,10,full,0.6953293387928899,0.0468868448757348,0.9498040438059976,0.07236842105263155,0.49559267220129755,116,24.3
home_credit,CODE_GENDER,10,random,0.7048993723617852,0.038365191888096506,0.9588042755099901,0.17397660818713448,0.4901303464731518,116,27.2
home_credit,CODE_GENDER,10,single_pass,0.7265636939486402,0.05824904885925253,0.9378869053253317,0.19152046783625729,0.7070260890142176,15,2.6
home_credit,CODE_GENDER,10,suppression,0.6929210208738454,0.02984353890045821,0.9678585086042065,0.06871345029239764,0.5499004160832955,30,2.7
home_credit,CODE_GENDER,11,full,0.7030338481969235,0.007100805394528731,0.9922915999170735,0.1837140019860973,0.5601072861994443,116,25.1
home_credit,CODE_GENDER,11,random,0.7165404539442134,0.004010479330406214,0.9956473567584678,0.15913604766633568,0.5445739425748688,116,28.1
home_credit,CODE_GENDER,11,single_pass,0.6967363866799466,0.00987862657576255,0.9892871330748939,0.09905660377358491,0.7435937017598023,15,2.5
home_credit,CODE_GENDER,11,suppression,0.6517082193729942,0.015434268938229856,0.9832967264214224,0.06132075471698112,0.5747144180302562,30,3.0
home_credit,CODE_GENDER,12,full,0.7116658498411143,0.00034940600978339287,0.9996197429462316,0.06218781218781222,0.5157426818852395,116,24.7
home_credit,CODE_GENDER,12,random,0.6737598743669603,0.022711390635918982,0.9754846496190691,0.021961459566732816,0.5403175712400031,116,27.6
home_credit,CODE_GENDER,12,single_pass,0.7094999446666561,0.03389238294898678,0.9635639696491622,0.07417582417582416,0.7666744312446618,15,2.6
home_credit,CODE_GENDER,12,suppression,0.6306631042532898,0.022711390635918982,0.9754846496190691,0.03471528471528473,0.5352317726531564,45,3.5
home_credit,CODE_GENDER,13,full,0.699745466618184,0.006176481274189016,0.9932928272705753,0.15851272015655576,0.49666185666185664,116,29.4
home_credit,CODE_GENDER,13,random,0.71708851754067,0.031090019186884366,0.966550328074829,0.07338551859099804,0.516902356902357,116,26.8
home_credit,CODE_GENDER,13,single_pass,0.6812746694491433,0.031090019186884366,0.966550328074829,0.05968688845401174,0.7142664742664742,15,2.5
home_credit,CODE_GENDER,13,suppression,0.6788189229496361,0.022785506549319212,0.9754094687549014,0.12157534246575341,0.6027320827320828,45,3.7
home_credit,CODE_GENDER,14,full,0.6548194662480376,0.024407761603515543,0.9737009563455314,0.14083820662768032,0.5503321410321922,116,25.0
home_credit,CODE_GENDER,14,random,0.6595238095238095,0.008068976902745106,0.9912508142961804,0.04580896686159844,0.5746702246446753,116,28.5
home_credit,CODE_GENDER,14,single_pass,0.660952380952381,0.0001004154476400565,0.9998907862464714,0.030214424951267055,0.752588050493007,15,2.8
home_credit,CODE_GENDER,14,suppression,0.6384458398744113,0.0001004154476400565,0.9998907862464714,0.08820662768031187,0.5393554003671531,30,3.6
home_credit,CODE_GENDER,15,full,0.7010945462402309,0.007556575339400462,0.9917986388355935,0.1350293542074364,0.5940770216754988,116,29.1
home_credit,CODE_GENDER,15,random,0.6564089186810638,0.010310680246699011,0.9888211647637141,0.07314090019569472,0.544164068030074,116,28.1
home_credit,CODE_GENDER,15,single_pass,0.7146064218297947,0.015818890061295998,0.9828847486162534,0.049902152641878667,0.7394348682826041,15,2.3
home_credit,CODE_GENDER,15,suppression,0.6736228584678461,0.018572994968594547,0.9799257681323895,0.07191780821917809,0.5429779418798186,45,3.1
home_credit,CODE_GENDER,16,full,0.6979221011915113,0.019533982393508786,0.9788936227389022,0.015263288623944354,0.5563847747678612,116,34.9
home_credit,CODE_GENDER,16,random,0.7117712466865866,0.030587694800091825,0.9670860056981541,0.023431031627752945,0.5125853733404957,116,29.1
home_credit,CODE_GENDER,16,single_pass,0.7367397593790019,0.033351122901737695,0.9641492549505961,0.0339970859640602,0.707543549996163,15,2.7
home_credit,CODE_GENDER,16,suppression,0.641413582491476,0.022297410495154435,0.9759325888779107,0.024769305488100996,0.5809224157777607,45,3.8
home_credit,CODE_GENDER,17,full,0.7118450244784172,0.002259098003778881,0.9975450264467606,0.09519184069936859,0.525790064498944,116,29.5
home_credit,CODE_GENDER,17,random,0.7057478169678381,0.01690900627070846,0.9817142687928455,0.04662457503642545,0.5238303620692936,116,27.2
home_credit,CODE_GENDER,17,single_pass,0.7020062289535676,0.03607711054519558,0.9612685113732408,0.03297425710131274,0.7271066801118742,15,2.3
home_credit,CODE_GENDER,17,suppression,0.6757518747463889,0.0004792026068621835,0.9994785148101794,0.030111704711024784,0.5404022146540078,30,2.4
home_credit,CODE_GENDER,18,full,0.6961725135566692,0.0215689517351636,0.9767135619322536,0.08413693346190934,0.5242103652120679,116,25.8
home_credit,CODE_GENDER,18,random,0.6674887620613515,0.0215689517351636,0.9767135619322536,0.07280617164898745,0.5374299324673337,116,27.7
home_credit,CODE_GENDER,18,single_pass,0.7030654672505653,0.013299705063535394,0.9855965849726858,0.023866923818707808,0.7315911308373668,15,2.4
home_credit,CODE_GENDER,18,suppression,0.6193144989170474,0.0215689517351636,0.9767135619322536,0.08751205400192863,0.5545139752443994,60,4.1
home_credit,CODE_GENDER,19,full,0.7176007326007326,0.013138702022511106,0.9857728847921922,0.04681467181467183,0.611546126129753,116,24.7
home_credit,CODE_GENDER,19,random,0.6924280481423338,0.001527587282926568,0.9983393160033135,0.029440154440154437,0.5181867589927334,116,27.1
home_credit,CODE_GENDER,19,single_pass,0.7162401883830456,0.03345815281678388,0.96401855847911,0.055984555984555956,0.7346967531552567,15,2.0
home_credit,CODE_GENDER,19,suppression,0.6427629513343799,0.021847038077199454,0.9764129323414307,0.06563706563706562,0.5872702751665693,30,2.9
home_credit,CODE_GENDER,20,full,0.6882782898307853,0.01280023292518162,0.9861309347480678,0.00989279436861884,0.4746701898996273,116,29.5
home_credit,CODE_GENDER,20,random,0.701553022518036,0.02700298790457878,0.9708886706974661,0.07259259259259257,0.5278144781211177,116,28.0
home_credit,CODE_GENDER,20,single_pass,0.7048624834658699,0.01280023292518162,0.9861309347480678,0.04962962962962966,0.7303938001617005,15,2.8
home_credit,CODE_GENDER,20,suppression,0.6115704656959617,0.03268408989633764,0.9648344007808635,0.057037037037037025,0.510796474137761,45,3.4
home_credit,CODE_GENDER,21,full,0.6852138765486748,0.011530398322851187,0.9875028402635764,0.08257101588830043,0.6018324404068639,116,24.3
home_credit,CODE_GENDER,21,random,0.7022644512249747,0.028301886792452824,0.9695121951219512,0.02116699743392029,0.624446773817843,116,26.9
home_credit,CODE_GENDER,21,single_pass,0.7278864243593189,0.031097134870719745,0.9665350629817635,0.1136254212806933,0.7249204130755493,15,2.4
home_credit,CODE_GENDER,21,suppression,0.6416059317344632,0.03948287910552062,0.9576398260608787,0.14227250842561387,0.5275642518829102,45,3.0
home_credit,CODE_GENDER,22,full,0.692939465321803,0.012893494866929367,0.9860331515007774,0.030906233630172864,0.5505171349181847,116,25.1
home_credit,CODE_GENDER,22,random,0.7220052803819581,0.018454031736764187,0.980050718512257,0.018208032955715756,0.5174629515282495,116,28.8
home_credit,CODE_GENDER,22,single_pass,0.7059717852644669,0.015673763301846777,0.9830388639423547,0.01511843460350154,0.7136847792528559,15,2.5
home_credit,CODE_GENDER,22,suppression,0.6413345348573718,0.021234300171681597,0.9770686963309914,0.13567312729177583,0.5853272615004631,60,4.4
home_credit,CODE_GENDER,23,full,0.6765845098256209,0.009442374362990114,0.9897579143389199,0.07631198844487241,0.6026402383223972,116,26.5
home_credit,CODE_GENDER,23,random,0.6808109233290648,0.0066394431977240265,0.9927908803685591,0.05897929706307173,0.5559103565100567,116,28.4
home_credit,CODE_GENDER,23,single_pass,0.6719944772052973,0.029062892519852612,0.9686992353104323,0.02186429930247305,0.7159407309332346,15,3.2
home_credit,CODE_GENDER,23,suppression,0.6187427210303595,0.010178143793872385,0.9890026897036027,0.030332209918151193,0.5665219338382756,30,3.9
home_credit,CODE_GENDER,24,full,0.7196546310832025,0.01818567360704404,0.9803617965521377,0.07692307692307693,0.5941611842105263,116,28.2
home_credit,CODE_GENDER,24,random,0.6971166928309787,0.020878351542567786,0.977478033548762,0.046153846153846156,0.5424828050239234,116,31.2
home_credit,CODE_GENDER,24,single_pass,0.7196049188906332,0.0262637074136155,0.9717288754592291,0.017765948194786302,0.7255158492822966,15,2.6
home_credit,CODE_GENDER,24,suppression,0.6915384615384617,0.028956385349139357,0.9688634414167261,0.03076923076923077,0.5729104366028708,45,4.6
