dataset,attribute,model,feature,leakage_drop,leakage_std,leakage_rank,shap_importance,shap_std,shap_rank,quadrant
home_credit,CODE_GENDER,gbm,EXT_SOURCE_3,0.0005953528156843,0.0005035763047334,20,0.3056759692569939,0.2406739813220198,1,leaky_and_relied_on
home_credit,CODE_GENDER,gbm,EXT_SOURCE_2,0.0006096007864288,0.0004652002891577,19,0.2701623000555171,0.193109929838315,2,leaky_and_relied_on
home_credit,CODE_GENDER,gbm,EXT_SOURCE_1,0.0346901294775083,0.0005797932211237,2,0.1258374494820316,0.1294853593269071,3,leaky_and_relied_on
home_credit,CODE_GENDER,gbm,DAYS_EMPLOYED,0.0024682819058551,0.0002821501073657,10,0.0993771471701916,0.1006192352864741,4,leaky_and_relied_on
home_credit,CODE_GENDER,gbm,ORGANIZATION_TYPE,0.0085559928582356,0.0003752526921437,8,0.0635189641520072,0.0412607267044366,5,leaky_and_relied_on
home_credit,CODE_GENDER,gbm,OWN_CAR_AGE,0.034404997210287,0.0014381378172022,3,0.0631854106038622,0.0533306450163295,6,leaky_and_relied_on
home_credit,CODE_GENDER,gbm,AMT_GOODS_PRICE,0.0021996446896863,0.0004179293764788,11,0.0627474104101046,0.0785941591406864,7,leaky_and_relied_on
home_credit,CODE_GENDER,gbm,NAME_EDUCATION_TYPE,0.0009330815780283,0.0002846708848805,15,0.0524862022360645,0.0383418635521129,8,leaky_and_relied_on
home_credit,CODE_GENDER,gbm,DAYS_BIRTH,0.0184110203732402,0.0014405129866509,5,0.0496882575176525,0.0493697400535195,9,leaky_and_relied_on
home_credit,CODE_GENDER,gbm,NAME_INCOME_TYPE,0.0003621503274503,0.0001332843025022,24,0.0483764035510126,0.0298461178126656,10,leaky_and_relied_on
home_credit,CODE_GENDER,gbm,AMT_CREDIT,0.000994024371438,0.0003765288215902,13,0.0438460640739044,0.0412228251589829,11,leaky_and_relied_on
home_credit,CODE_GENDER,gbm,AMT_ANNUITY,-0.0002454009241918,0.000240721810036,115,0.0346309527595608,0.0367156301408443,12,safe_workhorse
home_credit,CODE_GENDER,gbm,DAYS_ID_PUBLISH,0.0040971681972948,0.0003837561498931,9,0.0315825122035207,0.0392243240373937,13,leaky_and_relied_on
home_credit,CODE_GENDER,gbm,LIVINGAREA_MODE,-0.000135047057195,0.0002000061734146,111,0.0300558509716775,0.0258095385060405,14,safe_workhorse
home_credit,CODE_GENDER,gbm,FLAG_DOCUMENT_3,8.124059575465026e-06,5.027107803538106e-05,58,0.0297739063372065,0.0286110760243629,15,leaky_and_relied_on
home_credit,CODE_GENDER,gbm,ELEVATORS_MEDI,0.0,0.0,83,0.0199322122208487,0.0561262554719878,16,safe_workhorse
home_credit,CODE_GENDER,gbm,AMT_INCOME_TOTAL,0.0204996197866041,0.0011059071458698,4,0.019016513328307,0.0181565154124661,17,leaky_and_relied_on
home_credit,CODE_GENDER,gbm,DAYS_REGISTRATION,0.0004184014147224,0.0004115564859266,22,0.0188073628521464,0.0240497725408083,18,leaky_and_relied_on
home_credit,CODE_GENDER,gbm,APARTMENTS_MODE,-0.0001073659909826,8.90524770877811e-05,106,0.0184656588050576,0.0272749907791753,19,safe_workhorse
home_credit,CODE_GENDER,gbm,FLAG_WORK_PHONE,0.0001271946227123,0.0002483062463262,40,0.0178284736226915,0.0202401436091226,20,leaky_and_relied_on
home_credit,CODE_GENDER,gbm,LANDAREA_AVG,0.0003916833829277,0.0001193892789122,23,0.0173103418271616,0.0186800974275303,21,leaky_and_relied_on
home_credit,CODE_GENDER,gbm,LIVINGAREA_MEDI,0.000185890335814,0.0001525485374921,31,0.0165103467139541,0.021595488809124,22,leaky_and_relied_on
home_credit,CODE_GENDER,gbm,LIVINGAREA_AVG,-8.422847176667859e-05,0.0001316577221789,103,0.0163984035303725,0.0212830841962533,23,safe_workhorse
home_credit,CODE_GENDER,gbm,OCCUPATION_TYPE,0.1290514024559108,0.0046147111639318,1,0.0135429316131112,0.0351570348495132,24,leaky_and_relied_on
home_credit,CODE_GENDER,gbm,AMT_REQ_CREDIT_BUREAU_YEAR,-0.0001579623376992,9.995559995518333e-05,112,0.0129882602994302,0.0134474142714433,25,safe_workhorse
home_credit,CODE_GENDER,gbm,NONLIVINGAREA_MODE,0.0001569252237111,0.0002140557931089,36,0.0122653162859215,0.017362371427527,26,leaky_and_relied_on
home_credit,CODE_GENDER,gbm,DAYS_LAST_PHONE_CHANGE,0.0001799639701664,0.0003687704007645,32,0.0115911134680276,0.0177289471181036,27,leaky_and_relied_on
home_credit,CODE_GENDER,gbm,BASEMENTAREA_MODE,5.284342702485123e-05,0.0001815427658174,50,0.0114447462636619,0.0161020420099072,28,leaky_and_relied_on
home_credit,CODE_GENDER,gbm,LANDAREA_MODE,0.0001681359320613,0.000305076419207,34,0.0094560147549655,0.0144747023540131,29,leaky_and_relied_on
home_credit,CODE_GENDER,gbm,YEARS_BEGINEXPLUATATION_AVG,-0.0001339605568262,0.0001593589335065,110,0.0079447687035236,0.0157021512772075,30,safe_workhorse
home_credit,CODE_GENDER,gbm,HOUR_APPR_PROCESS_START,0.0006434551501909,0.0001321514990435,18,0.0079408869874569,0.01298401498974,31,leaky_and_relied_on
home_credit,CODE_GENDER,gbm,AMT_REQ_CREDIT_BUREAU_QRT,0.0001871003021336,9.794511481335712e-05,30,0.0077804612819942,0.010048284067002,32,leaky_and_relied_on
home_credit,CODE_GENDER,gbm,NONLIVINGAREA_AVG,-0.0001998419882757,0.000152170521884,114,0.0072257535110178,0.0137621178041812,33,safe_workhorse
home_credit,CODE_GENDER,gbm,NAME_CONTRACT_TYPE,4.8941902973465014e-05,6.292678599794246e-05,51,0.0070209818559247,0.0112138122670333,34,leaky_and_relied_on
home_credit,CODE_GENDER,gbm,NONLIVINGAPARTMENTS_AVG,7.556116200733154e-05,5.6849494584836096e-05,45,0.006856116701758,0.0150767916676029,35,leaky_and_relied_on
home_credit,CODE_GENDER,gbm,LIVINGAPARTMENTS_MODE,-0.0004012643407244,8.830255122313133e-05,116,0.0068408486050873,0.0121811693190849,36,safe_workhorse
home_credit,CODE_GENDER,gbm,DEF_60_CNT_SOCIAL_CIRCLE,0.0,0.0,74,0.0066556181179574,0.0236436738144861,37,safe_workhorse
home_credit,CODE_GENDER,gbm,LANDAREA_MEDI,0.0002592044175131,0.0001059716420788,26,0.0063479927780179,0.010890261404856,38,leaky_and_relied_on
home_credit,CODE_GENDER,gbm,FLOORSMIN_MODE,7.467220716019795e-05,2.0650122303129315e-05,46,0.0062167555480107,0.0126340053692058,39,leaky_and_relied_on
home_credit,CODE_GENDER,gbm,REG_CITY_NOT_WORK_CITY,0.0002108304579144,9.254468083589306e-05,29,0.005797073713053,0.0108961683979323,40,leaky_and_relied_on
home_credit,CODE_GENDER,gbm,ELEVATORS_AVG,3.098995369916757e-05,8.108132241057826e-05,55,0.005701480224788,0.0124108900790041,41,leaky_and_relied_on
home_credit,CODE_GENDER,gbm,YEARS_BEGINEXPLUATATION_MEDI,0.0001556658710111,0.0001459695785361,37,0.0056762844788536,0.0135383385646901,42,leaky_and_relied_on
home_credit,CODE_GENDER,gbm,BASEMENTAREA_AVG,7.459812758965345e-05,6.626988885574461e-05,47,0.0056741077780908,0.0152369386375404,43,leaky_and_relied_on
home_credit,CODE_GENDER,gbm,APARTMENTS_AVG,-0.0001134652089616,4.351378738329762e-05,107,0.0054592073691319,0.0109677900068921,44,safe_workhorse
home_credit,CODE_GENDER,gbm,COMMONAREA_MODE,-8.615454060219019e-05,0.0001852435236049,104,0.0053316708206311,0.0124478495986069,45,safe_workhorse
home_credit,CODE_GENDER,gbm,WEEKDAY_APPR_PROCESS_START,-0.0001257130313,8.57553078573224e-05,109,0.0046940291879899,0.0121217669189244,46,safe_workhorse
home_credit,CODE_GENDER,gbm,YEARS_BEGINEXPLUATATION_MODE,4.805294812633143e-05,0.0001865375202638,52,0.0046890559608676,0.0132885785101038,47,leaky_and_relied_on
home_credit,CODE_GENDER,gbm,OBS_30_CNT_SOCIAL_CIRCLE,8.524089256518596e-05,6.342644786008665e-05,44,0.0045825910498544,0.0096881300658523,48,leaky_and_relied_on
home_credit,CODE_GENDER,gbm,BASEMENTAREA_MEDI,3.143443112272326e-05,6.421951095903222e-05,53,0.0045402413431166,0.0091597139394387,49,leaky_and_relied_on
home_credit,CODE_GENDER,gbm,CNT_CHILDREN,0.0019312790986098,0.0001983391315459,12,0.0042135351225139,0.0070000694124053,50,leaky_and_relied_on
home_credit,CODE_GENDER,gbm,COMMONAREA_AVG,-9.277231557527354e-05,0.0001604584247623,105,0.0039784244184873,0.0121432298154566,51,safe_workhorse
home_credit,CODE_GENDER,gbm,ENTRANCES_AVG,-6.439984003734356e-05,6.209292081893613e-05,102,0.0039384573252643,0.0101391940289606,52,safe_workhorse
home_credit,CODE_GENDER,gbm,NAME_FAMILY_STATUS,0.0150024958641994,0.0020538562059371,7,0.0036941284660777,0.0077159322003127,53,leaky_and_relied_on
home_credit,CODE_GENDER,gbm,LIVE_REGION_NOT_WORK_REGION,0.0004654666352406,0.0003142550597326,21,0.0035369873928248,0.0148875526808759,54,leaky_and_relied_on
home_credit,CODE_GENDER,gbm,TOTALAREA_MODE,9.800727189777093e-05,9.44872395575418e-05,42,0.0035192688883121,0.0087917207166446,55,leaky_and_relied_on
home_credit,CODE_GENDER,gbm,NAME_HOUSING_TYPE,0.0003463713789135,0.0001878600168629,25,0.0029533940761572,0.0095936761925158,56,leaky_and_relied_on
home_credit,CODE_GENDER,gbm,FLOORSMIN_AVG,-1.4741834548259724e-05,6.312144550463967e-05,97,0.0029019150060009,0.0065366056432959,57,safe_workhorse
home_credit,CODE_GENDER,gbm,ENTRANCES_MODE,6.938786445953582e-06,3.0988468136889546e-05,59,0.0027977656202618,0.0043585159684831,58,safe_workhorse
home_credit,CODE_GENDER,gbm,DEF_30_CNT_SOCIAL_CIRCLE,0.0001672963635945,0.0001741768614216,35,0.0024391576089285,0.0095062993613207,59,leaky_removable
home_credit,CODE_GENDER,gbm,HOUSETYPE_MODE,0.0,0.0,67,0.0022499672628358,0.0166477285290113,60,low_low
home_credit,CODE_GENDER,gbm,FLOORSMAX_AVG,-4.1015388919452e-05,4.407671506543403e-05,101,0.0018586313699807,0.0050076785385866,61,low_low
home_credit,CODE_GENDER,gbm,AMT_REQ_CREDIT_BUREAU_MON,0.0002546855637068,0.000151975550564,27,0.0018397099368134,0.0075954177724086,62,leaky_removable
home_credit,CODE_GENDER,gbm,ELEVATORS_MODE,-2.3779542160906607e-05,3.755253788828928e-05,99,0.0018279053581829,0.0077943598172497,63,low_low
home_credit,CODE_GENDER,gbm,YEARS_BUILD_AVG,0.0002200904042387,9.558799310555472e-05,28,0.0017585445030666,0.0078106172016285,64,leaky_removable
home_credit,CODE_GENDER,gbm,LIVE_CITY_NOT_WORK_CITY,0.0009911105749947,0.0001295337209865,14,0.0016180467324629,0.0026919752703758,65,leaky_removable
home_credit,CODE_GENDER,gbm,NONLIVINGAREA_MEDI,-3.5977978118939546e-05,7.867192268033146e-05,100,0.0015723242871596,0.0035312232420242,66,low_low
home_credit,CODE_GENDER,gbm,NONLIVINGAPARTMENTS_MODE,0.0,0.0,88,0.0012264308455531,0.0045771918770292,67,low_low
home_credit,CODE_GENDER,gbm,FLAG_EMAIL,1.975455217184674e-07,2.2501661947029105e-05,64,0.0010177743346462,0.0027608245598746,68,low_low
home_credit,CODE_GENDER,gbm,LIVINGAPARTMENTS_MEDI,-8.71669613988768e-06,1.7104664672990208e-05,96,0.0009707020596751,0.0039089167672662,69,low_low
home_credit,CODE_GENDER,gbm,CNT_FAM_MEMBERS,0.0008844853797178,0.0001429680780813,16,0.0009628008537054,0.0042934048052641,70,leaky_removable
home_credit,CODE_GENDER,gbm,YEARS_BUILD_MODE,-0.0001685063299139,5.8321290182561654e-05,113,0.0009371993964705,0.0045190144639548,71,low_low
home_credit,CODE_GENDER,gbm,OBS_60_CNT_SOCIAL_CIRCLE,-0.0001180581423385,0.0002442615051827,108,0.000904453146271,0.0049450879739269,72,low_low
home_credit,CODE_GENDER,gbm,WALLSMATERIAL_MODE,2.377954216126188e-05,2.2040605429666408e-05,56,0.0008274212083106,0.0033697342932799,73,leaky_removable
home_credit,CODE_GENDER,gbm,COMMONAREA_MEDI,3.123688560122684e-05,0.0001114369229596,54,0.000822134607185,0.0025319770683653,74,leaky_removable
home_credit,CODE_GENDER,gbm,FLAG_OWN_REALTY,0.000112724413256,2.804074569488676e-05,41,0.0006034986933958,0.00234479345709,75,leaky_removable
home_credit,CODE_GENDER,gbm,FONDKAPREMONT_MODE,0.0,0.0,66,0.0005516971085839,0.0013742588451007,76,low_low
home_credit,CODE_GENDER,gbm,LIVINGAPARTMENTS_AVG,2.049534786618956e-06,0.000152894295583,62,0.0004603033612854,0.002305933550942,77,low_low
home_credit,CODE_GENDER,gbm,FLAG_DOCUMENT_7,0.0,0.0,68,0.0,0.0,109,low_low
home_credit,CODE_GENDER,gbm,FLOORSMIN_MEDI,-8.074673194702343e-06,1.969173156914908e-05,95,0.0,0.0,91,low_low
home_credit,CODE_GENDER,gbm,REG_REGION_NOT_LIVE_REGION,-1.5457937064056183e-05,1.422237725325952e-05,98,0.0,0.0,96,low_low
home_credit,CODE_GENDER,gbm,FLAG_DOCUMENT_20,0.0,0.0,65,0.0,0.0,81,low_low
home_credit,CODE_GENDER,gbm,REG_CITY_NOT_LIVE_CITY,7.40795706066777e-07,1.195186118360841e-05,63,0.0,0.0,98,low_low
home_credit,CODE_GENDER,gbm,FLAG_EMP_PHONE,0.0001778650489994,0.0001104123520921,33,0.0,0.0,93,leaky_removable
home_credit,CODE_GENDER,gbm,FLAG_DOCUMENT_16,5.3040972546414265e-05,3.280614617886557e-05,49,0.0,0.0,86,leaky_removable
home_credit,CODE_GENDER,gbm,APARTMENTS_MEDI,5.701657616834499e-05,2.6202651441522217e-05,48,0.0,0.0,100,leaky_removable
home_credit,CODE_GENDER,gbm,FLAG_PHONE,-6.272070310275879e-06,4.55518352340892e-05,93,0.0,0.0,95,low_low
home_credit,CODE_GENDER,gbm,NAME_TYPE_SUITE,0.0007298072363148,0.0002489906460363,17,0.0,0.0,87,leaky_removable
home_credit,CODE_GENDER,gbm,NONLIVINGAPARTMENTS_MEDI,9.593304392105929e-05,4.154000866245824e-05,43,0.0,0.0,103,leaky_removable
home_credit,CODE_GENDER,gbm,YEARS_BUILD_MEDI,4.000296812356474e-06,3.520608157102629e-05,61,0.0,0.0,89,low_low
home_credit,CODE_GENDER,gbm,AMT_REQ_CREDIT_BUREAU_WEEK,0.0001432822361265,0.0001286975339868,39,0.0,0.0,85,leaky_removable
home_credit,CODE_GENDER,gbm,FLAG_DOCUMENT_8,0.0182376247916668,0.0008141644663761,6,0.0,0.0,110,leaky_removable
home_credit,CODE_GENDER,gbm,FLAG_DOCUMENT_13,-7.95120724372822e-06,2.8666507322674623e-05,94,0.0,0.0,115,low_low
home_credit,CODE_GENDER,gbm,REG_REGION_NOT_WORK_REGION,0.0,0.0,92,0.0,0.0,97,low_low
home_credit,CODE_GENDER,gbm,FLAG_DOCUMENT_19,0.0,0.0,69,0.0,0.0,80,low_low
home_credit,CODE_GENDER,gbm,FLAG_DOCUMENT_4,0.0,0.0,79,0.0,0.0,106,low_low
home_credit,CODE_GENDER,gbm,FLAG_DOCUMENT_21,0.0,0.0,70,0.0,0.0,82,low_low
home_credit,CODE_GENDER,gbm,EMERGENCYSTATE_MODE,0.0,0.0,71,0.0,0.0,116,low_low
home_credit,CODE_GENDER,gbm,FLAG_DOCUMENT_10,0.0,0.0,72,0.0,0.0,112,low_low
home_credit,CODE_GENDER,gbm,FLAG_OWN_CAR,0.0,0.0,73,0.0,0.0,83,low_low
home_credit,CODE_GENDER,gbm,FLAG_DOCUMENT_18,1.0198287552132257e-05,1.5625268536835425e-05,57,0.0,0.0,79,leaky_removable
home_credit,CODE_GENDER,gbm,FLAG_DOCUMENT_2,0.0,0.0,75,0.0,0.0,105,low_low
home_credit,CODE_GENDER,gbm,FLAG_DOCUMENT_9,0.0,0.0,76,0.0,0.0,111,low_low
home_credit,CODE_GENDER,gbm,FLAG_DOCUMENT_6,0.0001469738680611,7.521274153086629e-05,38,0.0,0.0,108,leaky_removable
home_credit,CODE_GENDER,gbm,FLAG_DOCUMENT_11,0.0,0.0,78,0.0,0.0,113,low_low
home_credit,CODE_GENDER,gbm,FLAG_DOCUMENT_12,0.0,0.0,80,0.0,0.0,114,low_low
home_credit,CODE_GENDER,gbm,FLAG_DOCUMENT_17,0.0,0.0,91,0.0,0.0,88,low_low
home_credit,CODE_GENDER,gbm,FLOORSMAX_MEDI,0.0,0.0,81,0.0,0.0,102,low_low
home_credit,CODE_GENDER,gbm,ENTRANCES_MEDI,0.0,0.0,82,0.0,0.0,101,low_low
home_credit,CODE_GENDER,gbm,FLAG_DOCUMENT_14,0.0,0.0,84,0.0,0.0,104,low_low
home_credit,CODE_GENDER,gbm,AMT_REQ_CREDIT_BUREAU_HOUR,0.0,0.0,85,0.0,0.0,78,low_low
home_credit,CODE_GENDER,gbm,FLAG_DOCUMENT_15,0.0,0.0,86,0.0,0.0,90,low_low
home_credit,CODE_GENDER,gbm,AMT_REQ_CREDIT_BUREAU_DAY,0.0,0.0,87,0.0,0.0,84,low_low
home_credit,CODE_GENDER,gbm,FLAG_DOCUMENT_5,6.2473771203386265e-06,2.7000916711348154e-05,60,0.0,0.0,107,low_low
home_credit,CODE_GENDER,gbm,FLAG_CONT_MOBILE,0.0,0.0,89,0.0,0.0,94,low_low
home_credit,CODE_GENDER,gbm,FLAG_MOBIL,0.0,0.0,90,0.0,0.0,92,low_low
home_credit,CODE_GENDER,gbm,FLOORSMAX_MODE,0.0,0.0,77,0.0,0.0,99,low_low
home_credit,REGION_RATING_CLIENT,gbm,EXT_SOURCE_3,0.0020441984304741647,0.0005176457855653398,18,0.3056759692569939,0.24067398132201986,1,leaky_and_relied_on
home_credit,REGION_RATING_CLIENT,gbm,EXT_SOURCE_2,0.06682787623156132,0.0027920903602126133,1,0.27016230005551717,0.19310992983831501,2,leaky_and_relied_on
home_credit,REGION_RATING_CLIENT,gbm,EXT_SOURCE_1,0.0006400740638143221,0.0007714530254271761,37,0.12583744948203165,0.1294853593269071,3,leaky_and_relied_on
home_credit,REGION_RATING_CLIENT,gbm,DAYS_EMPLOYED,0.0018777210427436853,0.00046652318717894914,21,0.09937714717019162,0.10061923528647414,4,leaky_and_relied_on
home_credit,REGION_RATING_CLIENT,gbm,ORGANIZATION_TYPE,0.001765533168827571,0.0006921867065359926,24,0.06351896415200725,0.041260726704436666,5,leaky_and_relied_on
home_credit,REGION_RATING_CLIENT,gbm,OWN_CAR_AGE,0.0020452142677285456,0.0009909873061943418,17,0.06318541060386221,0.05333064501632954,6,leaky_and_relied_on
home_credit,REGION_RATING_CLIENT,gbm,AMT_GOODS_PRICE,-2.8407383614581504e-05,0.0004830534585974944,106,0.06274741041010465,0.0785941591406864,7,safe_workhorse
home_credit,REGION_RATING_CLIENT,gbm,NAME_EDUCATION_TYPE,0.0012266129033828622,0.00036731578729951443,30,0.05248620223606457,0.03834186355211294,8,leaky_and_relied_on
home_credit,REGION_RATING_CLIENT,gbm,DAYS_BIRTH,0.0005396900738604993,0.0005717924585919329,42,0.04968825751765257,0.04936974005351956,9,leaky_and_relied_on
home_credit,REGION_RATING_CLIENT,gbm,NAME_INCOME_TYPE,0.005346072036032545,0.0008457642170512875,4,0.04837640355101262,0.029846117812665607,10,leaky_and_relied_on
home_credit,REGION_RATING_CLIENT,gbm,AMT_CREDIT,8.402448431172882e-05,0.0005850101649811356,73,0.04384606407390441,0.04122282515898297,11,safe_workhorse
home_credit,REGION_RATING_CLIENT,gbm,AMT_ANNUITY,0.004430796703566742,0.0007411677571010931,5,0.034630952759560844,0.0367156301408443,12,leaky_and_relied_on
home_credit,REGION_RATING_CLIENT,gbm,DAYS_ID_PUBLISH,-0.0007254241631357017,0.00040152546069157437,115,0.03158251220352074,0.03922432403739378,13,safe_workhorse
home_credit,REGION_RATING_CLIENT,gbm,LIVINGAREA_MODE,0.0005936193286613766,0.00037158615137170253,38,0.03005585097167754,0.025809538506040588,14,leaky_and_relied_on
home_credit,REGION_RATING_CLIENT,gbm,FLAG_DOCUMENT_3,0.00046088906409504917,0.00023198527505304955,46,0.02977390633720653,0.028611076024362938,15,leaky_and_relied_on
home_credit,REGION_RATING_CLIENT,gbm,ELEVATORS_MEDI,-0.000181651833573393,0.0002542919929086595,113,0.019932212220848743,0.056126255471987845,16,safe_workhorse
home_credit,REGION_RATING_CLIENT,gbm,AMT_INCOME_TOTAL,0.015521397422107142,0.0015778073487855244,3,0.019016513328307033,0.01815651541246615,17,leaky_and_relied_on
home_credit,REGION_RATING_CLIENT,gbm,DAYS_REGISTRATION,0.002759399448685329,0.0007371858766620983,11,0.01880736285214641,0.024049772540808374,18,leaky_and_relied_on
home_credit,REGION_RATING_CLIENT,gbm,APARTMENTS_MODE,0.00021369003004803044,0.00018116623770571968,62,0.018465658805057628,0.027274990779175393,19,safe_workhorse
home_credit,REGION_RATING_CLIENT,gbm,FLAG_WORK_PHONE,0.0003013379049743747,0.0001679714747948405,55,0.01782847362269154,0.020240143609122692,20,leaky_and_relied_on
home_credit,REGION_RATING_CLIENT,gbm,LANDAREA_AVG,0.0015713482930896695,0.00038858747879964357,28,0.017310341827161662,0.018680097427530372,21,leaky_and_relied_on
home_credit,REGION_RATING_CLIENT,gbm,LIVINGAREA_MEDI,0.0013125765086938745,0.00022542685873181155,29,0.016510346713954113,0.021595488809124055,22,leaky_and_relied_on
home_credit,REGION_RATING_CLIENT,gbm,LIVINGAREA_AVG,0.0017147812220656533,0.00045663446656408303,25,0.01639840353037259,0.02128308419625334,23,leaky_and_relied_on
home_credit,REGION_RATING_CLIENT,gbm,OCCUPATION_TYPE,0.00021667202969102294,0.0002877357214428202,61,0.01354293161311123,0.03515703484951326,24,safe_workhorse
home_credit,REGION_RATING_CLIENT,gbm,AMT_REQ_CREDIT_BUREAU_YEAR,-0.0008826495079893526,0.00037529217593631483,116,0.012988260299430295,0.013447414271443378,25,safe_workhorse
home_credit,REGION_RATING_CLIENT,gbm,NONLIVINGAREA_MODE,0.0002983436968120312,0.00019850531387578102,56,0.012265316285921504,0.017362371427527085,26,leaky_and_relied_on
home_credit,REGION_RATING_CLIENT,gbm,DAYS_LAST_PHONE_CHANGE,0.0035087706044066636,0.0006880152681902413,9,0.011591113468027629,0.017728947118103668,27,leaky_and_relied_on
home_credit,REGION_RATING_CLIENT,gbm,BASEMENTAREA_MODE,1.2358065668549579e-05,0.00015912789897628115,82,0.011444746263661999,0.016102042009907287,28,safe_workhorse
home_credit,REGION_RATING_CLIENT,gbm,LANDAREA_MODE,0.002706603417112663,0.000744263861361664,13,0.009456014754965575,0.014474702354013144,29,leaky_and_relied_on
home_credit,REGION_RATING_CLIENT,gbm,YEARS_BEGINEXPLUATATION_AVG,0.002666655575876842,0.0003534172506539604,14,0.007944768703523617,0.01570215127720759,30,leaky_and_relied_on
home_credit,REGION_RATING_CLIENT,gbm,HOUR_APPR_PROCESS_START,0.06318186540297885,0.00396099309745542,2,0.007940886987456918,0.012984014989740045,31,leaky_and_relied_on
home_credit,REGION_RATING_CLIENT,gbm,AMT_REQ_CREDIT_BUREAU_QRT,1.172705473937441e-05,0.00022352072618799995,83,0.007780461281994242,0.01004828406700204,32,safe_workhorse
home_credit,REGION_RATING_CLIENT,gbm,NONLIVINGAREA_AVG,0.002063836299105426,0.0005860106151276773,16,0.007225753511017849,0.013762117804181295,33,leaky_and_relied_on
home_credit,REGION_RATING_CLIENT,gbm,NAME_CONTRACT_TYPE,1.7649159632870948e-05,2.079114912943264e-05,81,0.007020981855924784,0.011213812267033389,34,safe_workhorse
home_credit,REGION_RATING_CLIENT,gbm,NONLIVINGAPARTMENTS_AVG,0.000127670644212885,0.00015287083109680283,69,0.006856116701758001,0.015076791667602944,35,safe_workhorse
home_credit,REGION_RATING_CLIENT,gbm,LIVINGAPARTMENTS_MODE,0.00019829984211112707,0.00023595254116396755,64,0.0068408486050873,0.012181169319084906,36,safe_workhorse
home_credit,REGION_RATING_CLIENT,gbm,DEF_60_CNT_SOCIAL_CIRCLE,0.00018618165290689158,4.517310390371236e-05,66,0.006655618117957465,0.02364367381448611,37,safe_workhorse
home_credit,REGION_RATING_CLIENT,gbm,LANDAREA_MEDI,-2.1903362298125728e-05,0.00035999691215789047,105,0.006347992778017996,0.010890261404856043,38,safe_workhorse
home_credit,REGION_RATING_CLIENT,gbm,FLOORSMIN_MODE,0.0003603845780837167,0.0002716982376924751,51,0.006216755548010721,0.012634005369205857,39,leaky_and_relied_on
home_credit,REGION_RATING_CLIENT,gbm,REG_CITY_NOT_WORK_CITY,0.0004859836444533583,0.00021034404404410406,45,0.005797073713053057,0.010896168397932365,40,leaky_and_relied_on
home_credit,REGION_RATING_CLIENT,gbm,ELEVATORS_AVG,0.0018628111843623785,0.0006195159411096873,22,0.005701480224788028,0.012410890079004111,41,leaky_and_relied_on
home_credit,REGION_RATING_CLIENT,gbm,YEARS_BEGINEXPLUATATION_MEDI,0.0017994406849796585,0.00037093200579500107,23,0.0056762844788536115,0.013538338564690142,42,leaky_and_relied_on
home_credit,REGION_RATING_CLIENT,gbm,BASEMENTAREA_AVG,0.001653759358652329,0.00020647422796163866,26,0.005674107778090856,0.015236938637540469,43,leaky_and_relied_on
home_credit,REGION_RATING_CLIENT,gbm,APARTMENTS_AVG,0.0016095603437140005,0.00020023695367100223,27,0.00545920736913196,0.010967790006892103,44,leaky_and_relied_on
home_credit,REGION_RATING_CLIENT,gbm,COMMONAREA_MODE,0.00019248731839385246,8.663556682890189e-05,65,0.005331670820631183,0.01244784959860691,45,safe_workhorse
home_credit,REGION_RATING_CLIENT,gbm,WEEKDAY_APPR_PROCESS_START,0.00027762285389951733,0.00011458299762018973,57,0.004694029187989952,0.012121766918924425,46,leaky_and_relied_on
home_credit,REGION_RATING_CLIENT,gbm,YEARS_BEGINEXPLUATATION_MODE,0.0035151775038436694,0.0007854788672378078,8,0.0046890559608676555,0.013288578510103845,47,leaky_and_relied_on
home_credit,REGION_RATING_CLIENT,gbm,OBS_30_CNT_SOCIAL_CIRCLE,0.0005706973605335896,0.00035691810208630557,40,0.004582591049854478,0.009688130065852387,48,leaky_and_relied_on
home_credit,REGION_RATING_CLIENT,gbm,BASEMENTAREA_MEDI,0.0005579576548564669,0.00014995174914613312,41,0.004540241343116606,0.009159713939438789,49,leaky_and_relied_on
home_credit,REGION_RATING_CLIENT,gbm,CNT_CHILDREN,7.431475810386612e-05,0.00046188443618532714,75,0.004213535122513962,0.0070000694124053705,50,safe_workhorse
home_credit,REGION_RATING_CLIENT,gbm,COMMONAREA_AVG,0.0010421281481568733,0.000463102674088981,32,0.003978424418487339,0.012143229815456673,51,leaky_and_relied_on
home_credit,REGION_RATING_CLIENT,gbm,ENTRANCES_AVG,0.00036421849479084667,0.00034346221684389446,50,0.003938457325264396,0.010139194028960685,52,leaky_and_relied_on
home_credit,REGION_RATING_CLIENT,gbm,NAME_FAMILY_STATUS,-1.1441451374549771e-05,0.0002903761267675432,103,0.0036941284660777633,0.007715932200312716,53,safe_workhorse
home_credit,REGION_RATING_CLIENT,gbm,LIVE_REGION_NOT_WORK_REGION,0.004252228036488903,0.0008058564560790721,7,0.003536987392824808,0.014887552680875913,54,leaky_and_relied_on
home_credit,REGION_RATING_CLIENT,gbm,TOTALAREA_MODE,0.0019706304846473397,0.000700667739365203,20,0.003519268888312159,0.008791720716644698,55,leaky_and_relied_on
home_credit,REGION_RATING_CLIENT,gbm,NAME_HOUSING_TYPE,0.0023425630038322875,0.00035856583507262935,15,0.002953394076157251,0.009593676192515888,56,leaky_and_relied_on
home_credit,REGION_RATING_CLIENT,gbm,FLOORSMIN_AVG,0.00031943116955532867,0.0003816549023567469,52,0.0029019150060009707,0.0065366056432959434,57,leaky_and_relied_on
home_credit,REGION_RATING_CLIENT,gbm,ENTRANCES_MODE,-3.185873535378469e-05,0.00013033514222918788,107,0.0027977656202618916,0.00435851596848312,58,safe_workhorse
home_credit,REGION_RATING_CLIENT,gbm,DEF_30_CNT_SOCIAL_CIRCLE,-6.436267311982213e-05,0.00014798878863208934,109,0.002439157608928578,0.009506299361320702,59,low_low
home_credit,REGION_RATING_CLIENT,gbm,HOUSETYPE_MODE,0.0,0.0,93,0.002249967262835853,0.016647728529011335,60,low_low
home_credit,REGION_RATING_CLIENT,gbm,FLOORSMAX_AVG,0.0029775946082659654,0.00026255594573289096,10,0.0018586313699807458,0.005007678538586663,61,leaky_removable
home_credit,REGION_RATING_CLIENT,gbm,AMT_REQ_CREDIT_BUREAU_MON,0.0009074813554145634,0.0004789448918585971,35,0.0018397099368134403,0.007595417772408636,62,leaky_removable
home_credit,REGION_RATING_CLIENT,gbm,ELEVATORS_MODE,-2.1612931689496406e-05,0.00015072030425862984,104,0.001827905358182901,0.0077943598172497235,63,low_low
home_credit,REGION_RATING_CLIENT,gbm,YEARS_BUILD_AVG,0.0020251707279722144,0.00037438189245969335,19,0.0017585445030666958,0.007810617201628592,64,leaky_removable
home_credit,REGION_RATING_CLIENT,gbm,LIVE_CITY_NOT_WORK_CITY,0.0011284156887440445,0.00018642095301882962,31,0.0016180467324629802,0.0026919752703758815,65,leaky_removable
home_credit,REGION_RATING_CLIENT,gbm,NONLIVINGAREA_MEDI,0.0002471003363412105,0.00018830753876121768,59,0.001572324287159651,0.003531223242024223,66,low_low
home_credit,REGION_RATING_CLIENT,gbm,NONLIVINGAPARTMENTS_MODE,0.00041438193130529657,7.369382787415049e-05,49,0.0012264308455531003,0.0045771918770292725,67,leaky_removable
home_credit,REGION_RATING_CLIENT,gbm,FLAG_EMAIL,0.0003102927987571391,4.580519115692267e-05,53,0.0010177743346462625,0.0027608245598746083,68,leaky_removable
home_credit,REGION_RATING_CLIENT,gbm,LIVINGAPARTMENTS_MEDI,5.703687911049471e-05,9.509290913508273e-05,77,0.0009707020596751983,0.003908916767266283,69,low_low
home_credit,REGION_RATING_CLIENT,gbm,CNT_FAM_MEMBERS,-0.0002461517812456959,4.846404704309253e-05,114,0.0009628008537054815,0.004293404805264189,70,low_low
home_credit,REGION_RATING_CLIENT,gbm,YEARS_BUILD_MODE,0.000951956669456111,0.00014054447210554925,34,0.0009371993964705233,0.0045190144639548685,71,leaky_removable
home_credit,REGION_RATING_CLIENT,gbm,OBS_60_CNT_SOCIAL_CIRCLE,0.00012313332073412563,0.00010345098958969291,70,0.0009044531462710568,0.004945087973926911,72,low_low
home_credit,REGION_RATING_CLIENT,gbm,WALLSMATERIAL_MODE,0.0043318350072719,0.0009574966017663814,6,0.0008274212083106691,0.003369734293279979,73,leaky_removable
home_credit,REGION_RATING_CLIENT,gbm,COMMONAREA_MEDI,0.0005012990468159062,0.00018736980959410568,44,0.0008221346071850043,0.0025319770683653706,74,leaky_removable
home_credit,REGION_RATING_CLIENT,gbm,FLAG_OWN_REALTY,0.00021871779387994117,0.00011491464538668625,60,0.0006034986933958272,0.002344793457090023,75,low_low
home_credit,REGION_RATING_CLIENT,gbm,FONDKAPREMONT_MODE,0.00010273007989780591,7.127229058287964e-05,72,0.0005516971085839527,0.0013742588451007476,76,low_low
home_credit,REGION_RATING_CLIENT,gbm,LIVINGAPARTMENTS_AVG,0.0005780097917215566,0.0003017377943616098,39,0.0004603033612854756,0.0023059335509420537,77,leaky_removable
home_credit,REGION_RATING_CLIENT,gbm,REG_REGION_NOT_LIVE_REGION,0.0001827263581367422,0.00013901819410042592,67,0.0,0.0,96,low_low
home_credit,REGION_RATING_CLIENT,gbm,NONLIVINGAPARTMENTS_MEDI,-1.0862028730063144e-05,3.953905040890315e-05,102,0.0,0.0,103,low_low
home_credit,REGION_RATING_CLIENT,gbm,FLAG_DOCUMENT_20,0.0,0.0,99,0.0,0.0,81,low_low
home_credit,REGION_RATING_CLIENT,gbm,FLAG_DOCUMENT_17,0.0,0.0,101,0.0,0.0,88,low_low
home_credit,REGION_RATING_CLIENT,gbm,EMERGENCYSTATE_MODE,0.0,0.0,100,0.0,0.0,116,low_low
home_credit,REGION_RATING_CLIENT,gbm,FLAG_DOCUMENT_21,0.0,0.0,98,0.0,0.0,82,low_low
home_credit,REGION_RATING_CLIENT,gbm,FLAG_OWN_CAR,0.0,0.0,97,0.0,0.0,83,low_low
home_credit,REGION_RATING_CLIENT,gbm,FLOORSMIN_MEDI,0.0004297590117604111,0.0001171794139343542,47,0.0,0.0,91,leaky_removable
home_credit,REGION_RATING_CLIENT,gbm,FLAG_PHONE,0.0007143002460130665,0.000382755993932592,36,0.0,0.0,95,leaky_removable
home_credit,REGION_RATING_CLIENT,gbm,NAME_TYPE_SUITE,0.0005037129563752796,0.00012730267406450298,43,0.0,0.0,87,leaky_removable
home_credit,REGION_RATING_CLIENT,gbm,FLAG_DOCUMENT_18,0.0,0.0,95,0.0,0.0,79,low_low
home_credit,REGION_RATING_CLIENT,gbm,AMT_REQ_CREDIT_BUREAU_HOUR,-4.566189094512563e-05,4.5745939991531156e-05,108,0.0,0.0,78,low_low
home_credit,REGION_RATING_CLIENT,gbm,FLOORSMAX_MEDI,-6.521995006774084e-05,0.00044792575783183955,110,0.0,0.0,102,low_low
home_credit,REGION_RATING_CLIENT,gbm,FLOORSMAX_MODE,-0.00010576615432960068,3.899291508981931e-05,111,0.0,0.0,99,low_low
home_credit,REGION_RATING_CLIENT,gbm,FLAG_DOCUMENT_9,-0.00017759916734889637,6.684786106998477e-05,112,0.0,0.0,111,low_low
home_credit,REGION_RATING_CLIENT,gbm,REG_CITY_NOT_LIVE_CITY,0.001017261864990049,0.0004626683530758967,33,0.0,0.0,98,leaky_removable
home_credit,REGION_RATING_CLIENT,gbm,FLAG_DOCUMENT_2,0.0,0.0,96,0.0,0.0,105,low_low
home_credit,REGION_RATING_CLIENT,gbm,FLAG_DOCUMENT_7,0.0,0.0,92,0.0,0.0,109,low_low
home_credit,REGION_RATING_CLIENT,gbm,FLAG_DOCUMENT_4,0.0,0.0,94,0.0,0.0,106,low_low
home_credit,REGION_RATING_CLIENT,gbm,ENTRANCES_MEDI,0.00030764134752860885,0.0001845835084485765,54,0.0,0.0,101,leaky_removable
home_credit,REGION_RATING_CLIENT,gbm,FLAG_DOCUMENT_6,0.00020796265033311555,8.217269628054704e-05,63,0.0,0.0,108,low_low
home_credit,REGION_RATING_CLIENT,gbm,REG_REGION_NOT_WORK_REGION,0.002732678714454417,0.0005932290748509242,12,0.0,0.0,97,leaky_removable
home_credit,REGION_RATING_CLIENT,gbm,AMT_REQ_CREDIT_BUREAU_DAY,7.44711736123893e-05,6.465642791487062e-05,74,0.0,0.0,84,low_low
home_credit,REGION_RATING_CLIENT,gbm,FLAG_DOCUMENT_8,0.0002654258724870351,7.54503684025529e-05,58,0.0,0.0,110,leaky_removable
home_credit,REGION_RATING_CLIENT,gbm,FLAG_CONT_MOBILE,7.330196789705479e-05,1.2964661095589379e-05,76,0.0,0.0,94,low_low
home_credit,REGION_RATING_CLIENT,gbm,FLAG_DOCUMENT_16,3.060258535276805e-05,2.9486751967308562e-05,78,0.0,0.0,86,low_low
home_credit,REGION_RATING_CLIENT,gbm,FLAG_DOCUMENT_5,2.5683438854318118e-05,7.568644102545829e-06,79,0.0,0.0,107,low_low
home_credit,REGION_RATING_CLIENT,gbm,FLAG_EMP_PHONE,2.4961204865459053e-05,1.3268147227208771e-05,80,0.0,0.0,93,low_low
home_credit,REGION_RATING_CLIENT,gbm,FLAG_MOBIL,0.0,0.0,84,0.0,0.0,92,low_low
home_credit,REGION_RATING_CLIENT,gbm,APARTMENTS_MEDI,0.00042165512954366323,0.0002638894621671489,48,0.0,0.0,100,leaky_removable
home_credit,REGION_RATING_CLIENT,gbm,FLAG_DOCUMENT_15,0.0,0.0,85,0.0,0.0,90,low_low
home_credit,REGION_RATING_CLIENT,gbm,FLAG_DOCUMENT_14,0.0,0.0,86,0.0,0.0,104,low_low
home_credit,REGION_RATING_CLIENT,gbm,FLAG_DOCUMENT_13,0.0,0.0,87,0.0,0.0,115,low_low
home_credit,REGION_RATING_CLIENT,gbm,FLAG_DOCUMENT_12,0.0,0.0,88,0.0,0.0,114,low_low
home_credit,REGION_RATING_CLIENT,gbm,FLAG_DOCUMENT_11,0.0,0.0,89,0.0,0.0,113,low_low
home_credit,REGION_RATING_CLIENT,gbm,FLAG_DOCUMENT_10,0.0,0.0,90,0.0,0.0,112,low_low
home_credit,REGION_RATING_CLIENT,gbm,FLAG_DOCUMENT_19,0.0,0.0,91,0.0,0.0,80,low_low
home_credit,REGION_RATING_CLIENT,gbm,YEARS_BUILD_MEDI,0.0001718041995750319,4.551413314588111e-05,68,0.0,0.0,89,low_low
home_credit,REGION_RATING_CLIENT,gbm,AMT_REQ_CREDIT_BUREAU_WEEK,0.00011210288424214898,0.00015511328347381069,71,0.0,0.0,85,low_low
