dataset,attribute,feature,leakage_drop,leakage_std,rank
home_credit,CODE_GENDER,OCCUPATION_TYPE,0.1290514024559108,0.0046147111639318,1
home_credit,CODE_GENDER,EXT_SOURCE_1,0.0346901294775083,0.0005797932211237,2
home_credit,CODE_GENDER,OWN_CAR_AGE,0.034404997210287,0.0014381378172022,3
home_credit,CODE_GENDER,AMT_INCOME_TOTAL,0.0204996197866041,0.0011059071458698,4
home_credit,CODE_GENDER,DAYS_BIRTH,0.0184110203732402,0.0014405129866509,5
home_credit,CODE_GENDER,FLAG_DOCUMENT_8,0.0182376247916668,0.0008141644663761,6
home_credit,CODE_GENDER,NAME_FAMILY_STATUS,0.0150024958641994,0.0020538562059371,7
home_credit,CODE_GENDER,ORGANIZATION_TYPE,0.0085559928582356,0.0003752526921437,8
home_credit,CODE_GENDER,DAYS_ID_PUBLISH,0.0040971681972948,0.0003837561498931,9
home_credit,CODE_GENDER,DAYS_EMPLOYED,0.0024682819058551,0.0002821501073657,10
home_credit,CODE_GENDER,AMT_GOODS_PRICE,0.0021996446896863,0.0004179293764788,11
home_credit,CODE_GENDER,CNT_CHILDREN,0.0019312790986098,0.0001983391315459,12
home_credit,CODE_GENDER,AMT_CREDIT,0.000994024371438,0.0003765288215902,13
home_credit,CODE_GENDER,LIVE_CITY_NOT_WORK_CITY,0.0009911105749947,0.0001295337209865,14
home_credit,CODE_GENDER,NAME_EDUCATION_TYPE,0.0009330815780283,0.0002846708848805,15
home_credit,CODE_GENDER,CNT_FAM_MEMBERS,0.0008844853797178,0.0001429680780813,16
home_credit,CODE_GENDER,NAME_TYPE_SUITE,0.0007298072363148,0.0002489906460363,17
home_credit,CODE_GENDER,HOUR_APPR_PROCESS_START,0.0006434551501909,0.0001321514990435,18
home_credit,CODE_GENDER,EXT_SOURCE_2,0.0006096007864288,0.0004652002891577,19
home_credit,CODE_GENDER,EXT_SOURCE_3,0.0005953528156843,0.0005035763047334,20
home_credit,CODE_GENDER,LIVE_REGION_NOT_WORK_REGION,0.0004654666352406,0.0003142550597326,21
home_credit,CODE_GENDER,DAYS_REGISTRATION,0.0004184014147224,0.0004115564859266,22
home_credit,CODE_GENDER,LANDAREA_AVG,0.0003916833829277,0.0001193892789122,23
home_credit,CODE_GENDER,NAME_INCOME_TYPE,0.0003621503274503,0.0001332843025022,24
home_credit,CODE_GENDER,NAME_HOUSING_TYPE,0.0003463713789135,0.0001878600168629,25
home_credit,CODE_GENDER,LANDAREA_MEDI,0.0002592044175131,0.0001059716420788,26
home_credit,CODE_GENDER,AMT_REQ_CREDIT_BUREAU_MON,0.0002546855637068,0.000151975550564,27
home_credit,CODE_GENDER,YEARS_BUILD_AVG,0.0002200904042387,9.558799310555472e-05,28
home_credit,CODE_GENDER,REG_CITY_NOT_WORK_CITY,0.0002108304579144,9.254468083589306e-05,29
home_credit,CODE_GENDER,AMT_REQ_CREDIT_BUREAU_QRT,0.0001871003021336,9.794511481335712e-05,30
home_credit,CODE_GENDER,LIVINGAREA_MEDI,0.000185890335814,0.0001525485374921,31
home_credit,CODE_GENDER,DAYS_LAST_PHONE_CHANGE,0.0001799639701664,0.0003687704007645,32
home_credit,CODE_GENDER,FLAG_EMP_PHONE,0.0001778650489994,0.0001104123520921,33
home_credit,CODE_GENDER,LANDAREA_MODE,0.0001681359320613,0.000305076419207,34
home_credit,CODE_GENDER,DEF_30_CNT_SOCIAL_CIRCLE,0.0001672963635945,0.0001741768614216,35
home_credit,CODE_GENDER,NONLIVINGAREA_MODE,0.0001569252237111,0.0002140557931089,36
home_credit,CODE_GENDER,YEARS_BEGINEXPLUATATION_MEDI,0.0001556658710111,0.0001459695785361,37
home_credit,CODE_GENDER,FLAG_DOCUMENT_6,0.0001469738680611,7.521274153086629e-05,38
home_credit,CODE_GENDER,AMT_REQ_CREDIT_BUREAU_WEEK,0.0001432822361265,0.0001286975339868,39
home_credit,CODE_GENDER,FLAG_WORK_PHONE,0.0001271946227123,0.0002483062463262,40
home_credit,CODE_GENDER,FLAG_OWN_REALTY,0.000112724413256,2.804074569488676e-05,41
home_credit,CODE_GENDER,TOTALAREA_MODE,9.800727189777093e-05,9.44872395575418e-05,42
home_credit,CODE_GENDER,NONLIVINGAPARTMENTS_MEDI,9.593304392105929e-05,4.154000866245824e-05,43
home_credit,CODE_GENDER,OBS_30_CNT_SOCIAL_CIRCLE,8.524089256518596e-05,6.342644786008665e-05,44
home_credit,CODE_GENDER,NONLIVINGAPARTMENTS_AVG,7.556116200733154e-05,5.6849494584836096e-05,45
home_credit,CODE_GENDER,FLOORSMIN_MODE,7.467220716019795e-05,2.0650122303129315e-05,46
home_credit,CODE_GENDER,BASEMENTAREA_AVG,7.459812758965345e-05,6.626988885574461e-05,47
home_credit,CODE_GENDER,APARTMENTS_MEDI,5.701657616834499e-05,2.6202651441522217e-05,48
home_credit,CODE_GENDER,FLAG_DOCUMENT_16,5.3040972546414265e-05,3.280614617886557e-05,49
home_credit,CODE_GENDER,BASEMENTAREA_MODE,5.284342702485123e-05,0.0001815427658174,50
home_credit,CODE_GENDER,NAME_CONTRACT_TYPE,4.8941902973465014e-05,6.292678599794246e-05,51
home_credit,CODE_GENDER,YEARS_BEGINEXPLUATATION_MODE,4.805294812633143e-05,0.0001865375202638,52
home_credit,CODE_GENDER,BASEMENTAREA_MEDI,3.143443112272326e-05,6.421951095903222e-05,53
home_credit,CODE_GENDER,COMMONAREA_MEDI,3.123688560122684e-05,0.0001114369229596,54
home_credit,CODE_GENDER,ELEVATORS_AVG,3.098995369916757e-05,8.108132241057826e-05,55
home_credit,CODE_GENDER,WALLSMATERIAL_MODE,2.377954216126188e-05,2.2040605429666408e-05,56
home_credit,CODE_GENDER,FLAG_DOCUMENT_18,1.0198287552132257e-05,1.5625268536835425e-05,57
home_credit,CODE_GENDER,FLAG_DOCUMENT_3,8.124059575465026e-06,5.027107803538106e-05,58
home_credit,CODE_GENDER,ENTRANCES_MODE,6.938786445953582e-06,3.0988468136889546e-05,59
home_credit,CODE_GENDER,FLAG_DOCUMENT_5,6.2473771203386265e-06,2.7000916711348154e-05,60
home_credit,CODE_GENDER,YEARS_BUILD_MEDI,4.000296812356474e-06,3.520608157102629e-05,61
home_credit,CODE_GENDER,LIVINGAPARTMENTS_AVG,2.049534786618956e-06,0.000152894295583,62
home_credit,CODE_GENDER,REG_CITY_NOT_LIVE_CITY,7.40795706066777e-07,1.195186118360841e-05,63
home_credit,CODE_GENDER,FLAG_EMAIL,1.975455217184674e-07,2.2501661947029105e-05,64
home_credit,CODE_GENDER,FLAG_DOCUMENT_20,0.0,0.0,65
home_credit,CODE_GENDER,FONDKAPREMONT_MODE,0.0,0.0,66
home_credit,CODE_GENDER,HOUSETYPE_MODE,0.0,0.0,67
home_credit,CODE_GENDER,FLAG_DOCUMENT_7,0.0,0.0,68
home_credit,CODE_GENDER,FLAG_DOCUMENT_19,0.0,0.0,69
home_credit,CODE_GENDER,FLAG_DOCUMENT_21,0.0,0.0,70
home_credit,CODE_GENDER,EMERGENCYSTATE_MODE,0.0,0.0,71
home_credit,CODE_GENDER,FLAG_DOCUMENT_10,0.0,0.0,72
home_credit,CODE_GENDER,FLAG_OWN_CAR,0.0,0.0,73
home_credit,CODE_GENDER,DEF_60_CNT_SOCIAL_CIRCLE,0.0,0.0,74
home_credit,CODE_GENDER,FLAG_DOCUMENT_2,0.0,0.0,75
home_credit,CODE_GENDER,FLAG_DOCUMENT_9,0.0,0.0,76
home_credit,CODE_GENDER,FLOORSMAX_MODE,0.0,0.0,77
home_credit,CODE_GENDER,FLAG_DOCUMENT_11,0.0,0.0,78
home_credit,CODE_GENDER,FLAG_DOCUMENT_4,0.0,0.0,79
home_credit,CODE_GENDER,FLAG_DOCUMENT_12,0.0,0.0,80
home_credit,CODE_GENDER,FLOORSMAX_MEDI,0.0,0.0,81
home_credit,CODE_GENDER,ENTRANCES_MEDI,0.0,0.0,82
home_credit,CODE_GENDER,ELEVATORS_MEDI,0.0,0.0,83
home_credit,CODE_GENDER,FLAG_DOCUMENT_14,0.0,0.0,84
home_credit,CODE_GENDER,AMT_REQ_CREDIT_BUREAU_HOUR,0.0,0.0,85
home_credit,CODE_GENDER,FLAG_DOCUMENT_15,0.0,0.0,86
home_credit,CODE_GENDER,AMT_REQ_CREDIT_BUREAU_DAY,0.0,0.0,87
home_credit,CODE_GENDER,NONLIVINGAPARTMENTS_MODE,0.0,0.0,88
home_credit,CODE_GENDER,FLAG_CONT_MOBILE,0.0,0.0,89
home_credit,CODE_GENDER,FLAG_MOBIL,0.0,0.0,90
home_credit,CODE_GENDER,FLAG_DOCUMENT_17,0.0,0.0,91
home_credit,CODE_GENDER,REG_REGION_NOT_WORK_REGION,0.0,0.0,92
home_credit,CODE_GENDER,FLAG_PHONE,-6.272070310275879e-06,4.55518352340892e-05,93
home_credit,CODE_GENDER,FLAG_DOCUMENT_13,-7.95120724372822e-06,2.8666507322674623e-05,94
home_credit,CODE_GENDER,FLOORSMIN_MEDI,-8.074673194702343e-06,1.969173156914908e-05,95
home_credit,CODE_GENDER,LIVINGAPARTMENTS_MEDI,-8.71669613988768e-06,1.7104664672990208e-05,96
home_credit,CODE_GENDER,FLOORSMIN_AVG,-1.4741834548259724e-05,6.312144550463967e-05,97
home_credit,CODE_GENDER,REG_REGION_NOT_LIVE_REGION,-1.5457937064056183e-05,1.422237725325952e-05,98
home_credit,CODE_GENDER,ELEVATORS_MODE,-2.3779542160906607e-05,3.755253788828928e-05,99
home_credit,CODE_GENDER,NONLIVINGAREA_MEDI,-3.5977978118939546e-05,7.867192268033146e-05,100
home_credit,CODE_GENDER,FLOORSMAX_AVG,-4.1015388919452e-05,4.407671506543403e-05,101
home_credit,CODE_GENDER,ENTRANCES_AVG,-6.439984003734356e-05,6.209292081893613e-05,102
home_credit,CODE_GENDER,LIVINGAREA_AVG,-8.422847176667859e-05,0.0001316577221789,103
home_credit,CODE_GENDER,COMMONAREA_MODE,-8.615454060219019e-05,0.0001852435236049,104
home_credit,CODE_GENDER,COMMONAREA_AVG,-9.277231557527354e-05,0.0001604584247623,105
home_credit,CODE_GENDER,APARTMENTS_MODE,-0.0001073659909826,8.90524770877811e-05,106
home_credit,CODE_GENDER,APARTMENTS_AVG,-0.0001134652089616,4.351378738329762e-05,107
home_credit,CODE_GENDER,OBS_60_CNT_SOCIAL_CIRCLE,-0.0001180581423385,0.0002442615051827,108
home_credit,CODE_GENDER,WEEKDAY_APPR_PROCESS_START,-0.0001257130313,8.57553078573224e-05,109
home_credit,CODE_GENDER,YEARS_BEGINEXPLUATATION_AVG,-0.0001339605568262,0.0001593589335065,110
home_credit,CODE_GENDER,LIVINGAREA_MODE,-0.000135047057195,0.0002000061734146,111
home_credit,CODE_GENDER,AMT_REQ_CREDIT_BUREAU_YEAR,-0.0001579623376992,9.995559995518333e-05,112
home_credit,CODE_GENDER,YEARS_BUILD_MODE,-0.0001685063299139,5.8321290182561654e-05,113
home_credit,CODE_GENDER,NONLIVINGAREA_AVG,-0.0001998419882757,0.000152170521884,114
home_credit,CODE_GENDER,AMT_ANNUITY,-0.0002454009241918,0.000240721810036,115
home_credit,CODE_GENDER,LIVINGAPARTMENTS_MODE,-0.0004012643407244,8.830255122313133e-05,116
home_credit,REGION_RATING_CLIENT,EXT_SOURCE_2,0.06682787623156132,0.0027920903602126133,1
home_credit,REGION_RATING_CLIENT,HOUR_APPR_PROCESS_START,0.06318186540297885,0.00396099309745542,2
home_credit,REGION_RATING_CLIENT,AMT_INCOME_TOTAL,0.015521397422107142,0.0015778073487855244,3
home_credit,REGION_RATING_CLIENT,NAME_INCOME_TYPE,0.005346072036032545,0.0008457642170512875,4
home_credit,REGION_RATING_CLIENT,AMT_ANNUITY,0.004430796703566742,0.0007411677571010931,5
home_credit,REGION_RATING_CLIENT,WALLSMATERIAL_MODE,0.0043318350072719,0.0009574966017663814,6
home_credit,REGION_RATING_CLIENT,LIVE_REGION_NOT_WORK_REGION,0.004252228036488903,0.0008058564560790721,7
home_credit,REGION_RATING_CLIENT,YEARS_BEGINEXPLUATATION_MODE,0.0035151775038436694,0.0007854788672378078,8
home_credit,REGION_RATING_CLIENT,DAYS_LAST_PHONE_CHANGE,0.0035087706044066636,0.0006880152681902413,9
home_credit,REGION_RATING_CLIENT,FLOORSMAX_AVG,0.0029775946082659654,0.00026255594573289096,10
home_credit,REGION_RATING_CLIENT,DAYS_REGISTRATION,0.002759399448685329,0.0007371858766620983,11
home_credit,REGION_RATING_CLIENT,REG_REGION_NOT_WORK_REGION,0.002732678714454417,0.0005932290748509242,12
home_credit,REGION_RATING_CLIENT,LANDAREA_MODE,0.002706603417112663,0.000744263861361664,13
home_credit,REGION_RATING_CLIENT,YEARS_BEGINEXPLUATATION_AVG,0.002666655575876842,0.0003534172506539604,14
home_credit,REGION_RATING_CLIENT,NAME_HOUSING_TYPE,0.0023425630038322875,0.00035856583507262935,15
home_credit,REGION_RATING_CLIENT,NONLIVINGAREA_AVG,0.002063836299105426,0.0005860106151276773,16
home_credit,REGION_RATING_CLIENT,OWN_CAR_AGE,0.0020452142677285456,0.0009909873061943418,17
home_credit,REGION_RATING_CLIENT,EXT_SOURCE_3,0.0020441984304741647,0.0005176457855653398,18
home_credit,REGION_RATING_CLIENT,YEARS_BUILD_AVG,0.0020251707279722144,0.00037438189245969335,19
home_credit,REGION_RATING_CLIENT,TOTALAREA_MODE,0.0019706304846473397,0.000700667739365203,20
home_credit,REGION_RATING_CLIENT,DAYS_EMPLOYED,0.0018777210427436853,0.00046652318717894914,21
home_credit,REGION_RATING_CLIENT,ELEVATORS_AVG,0.0018628111843623785,0.0006195159411096873,22
home_credit,REGION_RATING_CLIENT,YEARS_BEGINEXPLUATATION_MEDI,0.0017994406849796585,0.00037093200579500107,23
home_credit,REGION_RATING_CLIENT,ORGANIZATION_TYPE,0.001765533168827571,0.0006921867065359926,24
home_credit,REGION_RATING_CLIENT,LIVINGAREA_AVG,0.0017147812220656533,0.00045663446656408303,25
home_credit,REGION_RATING_CLIENT,BASEMENTAREA_AVG,0.001653759358652329,0.00020647422796163866,26
home_credit,REGION_RATING_CLIENT,APARTMENTS_AVG,0.0016095603437140005,0.00020023695367100223,27
home_credit,REGION_RATING_CLIENT,LANDAREA_AVG,0.0015713482930896695,0.00038858747879964357,28
home_credit,REGION_RATING_CLIENT,LIVINGAREA_MEDI,0.0013125765086938745,0.00022542685873181155,29
home_credit,REGION_RATING_CLIENT,NAME_EDUCATION_TYPE,0.0012266129033828622,0.00036731578729951443,30
home_credit,REGION_RATING_CLIENT,LIVE_CITY_NOT_WORK_CITY,0.0011284156887440445,0.00018642095301882962,31
home_credit,REGION_RATING_CLIENT,COMMONAREA_AVG,0.0010421281481568733,0.000463102674088981,32
home_credit,REGION_RATING_CLIENT,REG_CITY_NOT_LIVE_CITY,0.001017261864990049,0.0004626683530758967,33
home_credit,REGION_RATING_CLIENT,YEARS_BUILD_MODE,0.000951956669456111,0.00014054447210554925,34
home_credit,REGION_RATING_CLIENT,AMT_REQ_CREDIT_BUREAU_MON,0.0009074813554145634,0.0004789448918585971,35
home_credit,REGION_RATING_CLIENT,FLAG_PHONE,0.0007143002460130665,0.000382755993932592,36
home_credit,REGION_RATING_CLIENT,EXT_SOURCE_1,0.0006400740638143221,0.0007714530254271761,37
home_credit,REGION_RATING_CLIENT,LIVINGAREA_MODE,0.0005936193286613766,0.00037158615137170253,38
home_credit,REGION_RATING_CLIENT,LIVINGAPARTMENTS_AVG,0.0005780097917215566,0.0003017377943616098,39
home_credit,REGION_RATING_CLIENT,OBS_30_CNT_SOCIAL_CIRCLE,0.0005706973605335896,0.00035691810208630557,40
home_credit,REGION_RATING_CLIENT,BASEMENTAREA_MEDI,0.0005579576548564669,0.00014995174914613312,41
home_credit,REGION_RATING_CLIENT,DAYS_BIRTH,0.0005396900738604993,0.0005717924585919329,42
home_credit,REGION_RATING_CLIENT,NAME_TYPE_SUITE,0.0005037129563752796,0.00012730267406450298,43
home_credit,REGION_RATING_CLIENT,COMMONAREA_MEDI,0.0005012990468159062,0.00018736980959410568,44
home_credit,REGION_RATING_CLIENT,REG_CITY_NOT_WORK_CITY,0.0004859836444533583,0.00021034404404410406,45
home_credit,REGION_RATING_CLIENT,FLAG_DOCUMENT_3,0.00046088906409504917,0.00023198527505304955,46
home_credit,REGION_RATING_CLIENT,FLOORSMIN_MEDI,0.0004297590117604111,0.0001171794139343542,47
home_credit,REGION_RATING_CLIENT,APARTMENTS_MEDI,0.00042165512954366323,0.0002638894621671489,48
home_credit,REGION_RATING_CLIENT,NONLIVINGAPARTMENTS_MODE,0.00041438193130529657,7.369382787415049e-05,49
home_credit,REGION_RATING_CLIENT,ENTRANCES_AVG,0.00036421849479084667,0.00034346221684389446,50
home_credit,REGION_RATING_CLIENT,FLOORSMIN_MODE,0.0003603845780837167,0.0002716982376924751,51
home_credit,REGION_RATING_CLIENT,FLOORSMIN_AVG,0.00031943116955532867,0.0003816549023567469,52
home_credit,REGION_RATING_CLIENT,FLAG_EMAIL,0.0003102927987571391,4.580519115692267e-05,53
home_credit,REGION_RATING_CLIENT,ENTRANCES_MEDI,0.00030764134752860885,0.0001845835084485765,54
home_credit,REGION_RATING_CLIENT,FLAG_WORK_PHONE,0.0003013379049743747,0.0001679714747948405,55
home_credit,REGION_RATING_CLIENT,NONLIVINGAREA_MODE,0.0002983436968120312,0.00019850531387578102,56
home_credit,REGION_RATING_CLIENT,WEEKDAY_APPR_PROCESS_START,0.00027762285389951733,0.00011458299762018973,57
home_credit,REGION_RATING_CLIENT,FLAG_DOCUMENT_8,0.0002654258724870351,7.54503684025529e-05,58
home_credit,REGION_RATING_CLIENT,NONLIVINGAREA_MEDI,0.0002471003363412105,0.00018830753876121768,59
home_credit,REGION_RATING_CLIENT,FLAG_OWN_REALTY,0.00021871779387994117,0.00011491464538668625,60
home_credit,REGION_RATING_CLIENT,OCCUPATION_TYPE,0.00021667202969102294,0.0002877357214428202,61
home_credit,REGION_RATING_CLIENT,APARTMENTS_MODE,0.00021369003004803044,0.00018116623770571968,62
home_credit,REGION_RATING_CLIENT,FLAG_DOCUMENT_6,0.00020796265033311555,8.217269628054704e-05,63
home_credit,REGION_RATING_CLIENT,LIVINGAPARTMENTS_MODE,0.00019829984211112707,0.00023595254116396755,64
home_credit,REGION_RATING_CLIENT,COMMONAREA_MODE,0.00019248731839385246,8.663556682890189e-05,65
home_credit,REGION_RATING_CLIENT,DEF_60_CNT_SOCIAL_CIRCLE,0.00018618165290689158,4.517310390371236e-05,66
home_credit,REGION_RATING_CLIENT,REG_REGION_NOT_LIVE_REGION,0.0001827263581367422,0.00013901819410042592,67
home_credit,REGION_RATING_CLIENT,YEARS_BUILD_MEDI,0.0001718041995750319,4.551413314588111e-05,68
home_credit,REGION_RATING_CLIENT,NONLIVINGAPARTMENTS_AVG,0.000127670644212885,0.00015287083109680283,69
home_credit,REGION_RATING_CLIENT,OBS_60_CNT_SOCIAL_CIRCLE,0.00012313332073412563,0.00010345098958969291,70
home_credit,REGION_RATING_CLIENT,AMT_REQ_CREDIT_BUREAU_WEEK,0.00011210288424214898,0.00015511328347381069,71
home_credit,REGION_RATING_CLIENT,FONDKAPREMONT_MODE,0.00010273007989780591,7.127229058287964e-05,72
home_credit,REGION_RATING_CLIENT,AMT_CREDIT,8.402448431172882e-05,0.0005850101649811356,73
home_credit,REGION_RATING_CLIENT,AMT_REQ_CREDIT_BUREAU_DAY,7.44711736123893e-05,6.465642791487062e-05,74
home_credit,REGION_RATING_CLIENT,CNT_CHILDREN,7.431475810386612e-05,0.00046188443618532714,75
home_credit,REGION_RATING_CLIENT,FLAG_CONT_MOBILE,7.330196789705479e-05,1.2964661095589379e-05,76
home_credit,REGION_RATING_CLIENT,LIVINGAPARTMENTS_MEDI,5.703687911049471e-05,9.509290913508273e-05,77
home_credit,REGION_RATING_CLIENT,FLAG_DOCUMENT_16,3.060258535276805e-05,2.9486751967308562e-05,78
home_credit,REGION_RATING_CLIENT,FLAG_DOCUMENT_5,2.5683438854318118e-05,7.568644102545829e-06,79
home_credit,REGION_RATING_CLIENT,FLAG_EMP_PHONE,2.4961204865459053e-05,1.3268147227208771e-05,80
home_credit,REGION_RATING_CLIENT,NAME_CONTRACT_TYPE,1.7649159632870948e-05,2.079114912943264e-05,81
home_credit,REGION_RATING_CLIENT,BASEMENTAREA_MODE,1.2358065668549579e-05,0.00015912789897628115,82
home_credit,REGION_RATING_CLIENT,AMT_REQ_CREDIT_BUREAU_QRT,1.172705473937441e-05,0.00022352072618799995,83
home_credit,REGION_RATING_CLIENT,FLAG_MOBIL,0.0,0.0,84
home_credit,REGION_RATING_CLIENT,FLAG_DOCUMENT_15,0.0,0.0,85
home_credit,REGION_RATING_CLIENT,FLAG_DOCUMENT_14,0.0,0.0,86
home_credit,REGION_RATING_CLIENT,FLAG_DOCUMENT_13,0.0,0.0,87
home_credit,REGION_RATING_CLIENT,FLAG_DOCUMENT_12,0.0,0.0,88
home_credit,REGION_RATING_CLIENT,FLAG_DOCUMENT_11,0.0,0.0,89
home_credit,REGION_RATING_CLIENT,FLAG_DOCUMENT_10,0.0,0.0,90
home_credit,REGION_RATING_CLIENT,FLAG_DOCUMENT_19,0.0,0.0,91
home_credit,REGION_RATING_CLIENT,FLAG_DOCUMENT_7,0.0,0.0,92
home_credit,REGION_RATING_CLIENT,HOUSETYPE_MODE,0.0,0.0,93
home_credit,REGION_RATING_CLIENT,FLAG_DOCUMENT_4,0.0,0.0,94
home_credit,REGION_RATING_CLIENT,FLAG_DOCUMENT_18,0.0,0.0,95
home_credit,REGION_RATING_CLIENT,FLAG_DOCUMENT_2,0.0,0.0,96
home_credit,REGION_RATING_CLIENT,FLAG_OWN_CAR,0.0,0.0,97
home_credit,REGION_RATING_CLIENT,FLAG_DOCUMENT_21,0.0,0.0,98
home_credit,REGION_RATING_CLIENT,FLAG_DOCUMENT_20,0.0,0.0,99
home_credit,REGION_RATING_CLIENT,EMERGENCYSTATE_MODE,0.0,0.0,100
home_credit,REGION_RATING_CLIENT,FLAG_DOCUMENT_17,0.0,0.0,101
home_credit,REGION_RATING_CLIENT,NONLIVINGAPARTMENTS_MEDI,-1.0862028730063144e-05,3.953905040890315e-05,102
home_credit,REGION_RATING_CLIENT,NAME_FAMILY_STATUS,-1.1441451374549771e-05,0.0002903761267675432,103
home_credit,REGION_RATING_CLIENT,ELEVATORS_MODE,-2.1612931689496406e-05,0.00015072030425862984,104
home_credit,REGION_RATING_CLIENT,LANDAREA_MEDI,-2.1903362298125728e-05,0.00035999691215789047,105
home_credit,REGION_RATING_CLIENT,AMT_GOODS_PRICE,-2.8407383614581504e-05,0.0004830534585974944,106
home_credit,REGION_RATING_CLIENT,ENTRANCES_MODE,-3.185873535378469e-05,0.00013033514222918788,107
home_credit,REGION_RATING_CLIENT,AMT_REQ_CREDIT_BUREAU_HOUR,-4.566189094512563e-05,4.5745939991531156e-05,108
home_credit,REGION_RATING_CLIENT,DEF_30_CNT_SOCIAL_CIRCLE,-6.436267311982213e-05,0.00014798878863208934,109
home_credit,REGION_RATING_CLIENT,FLOORSMAX_MEDI,-6.521995006774084e-05,0.00044792575783183955,110
home_credit,REGION_RATING_CLIENT,FLOORSMAX_MODE,-0.00010576615432960068,3.899291508981931e-05,111
home_credit,REGION_RATING_CLIENT,FLAG_DOCUMENT_9,-0.00017759916734889637,6.684786106998477e-05,112
home_credit,REGION_RATING_CLIENT,ELEVATORS_MEDI,-0.000181651833573393,0.0002542919929086595,113
home_credit,REGION_RATING_CLIENT,CNT_FAM_MEMBERS,-0.0002461517812456959,4.846404704309253e-05,114
home_credit,REGION_RATING_CLIENT,DAYS_ID_PUBLISH,-0.0007254241631357017,0.00040152546069157437,115
home_credit,REGION_RATING_CLIENT,AMT_REQ_CREDIT_BUREAU_YEAR,-0.0008826495079893526,0.00037529217593631483,116
