dataset,attribute,model,arm,n_features,n_leaky_and_relied_on,spearman_rho,spearman_p,pearson_r,pearson_p,n_treated,left_danger,entered_danger,n_relied_on,max_leakage_relied_on,mean_leakage_relied_on,total_leakage_relied_on,auc_test,probe_auc_aggregate,auc_drop,n_leakage_emerged
home_credit,CODE_GENDER,gbm,baseline,116,17,0.2562206107716824,0.0054998870678127,0.0909983146723814,0.3313066714662727,0,0,0,58.0,0.127942247040775,0.0045684104914066,0.2672454613036105,0.7377144648922815,0.7711866552166914,0.0,0.0
home_credit,CODE_GENDER,gbm,single_pass,116,30,0.4007106590225797,8.299979817433155e-06,0.0761288311289078,0.4166581549647883,15,2,15,55.0,0.1332557869741049,0.0053987227224488,0.2987768177184356,0.7299706757723263,0.75100288179236,0.0077437891199552,16.0
home_credit,CODE_GENDER,gbm,top_k=5,116,31,0.2011575311178416,0.0303682153440375,0.1240971619483296,0.1844328043360844,50,4,18,71.0,0.1065980519339004,0.0040940630574222,0.2978732059791451,0.7267727797244288,0.6704962886274316,0.0109416851678527,14.0
home_credit,CODE_GENDER,gbm,full,116,37,0.4161551264656302,3.3822201576029707e-06,0.0844829439909681,0.367232996869608,116,3,23,72.0,0.1354605749628136,0.0040811780060973,0.297950605581445,0.7134080894433559,0.5547290694723068,0.0243063754489256,24.0
home_credit,CODE_GENDER,gbm,random,116,38,0.4106697333139544,4.676234967060501e-06,0.170907094257729,0.0666077416517947,116,4,25,63.0,0.0430035800618098,0.0032340544049657,0.2073666986670219,0.7282954333745006,0.5496531877035014,0.0094190315177808,30.0
home_credit,REGION_RATING_CLIENT,gbm,baseline,116,30,0.37219442987862916,3.8876310556489655e-05,0.36067075393409403,6.973272307218743e-05,0,0,0,58.0,0.0655102866073937,0.003462679163958709,0.20643970685142263,0.7377144648922815,0.8748968361638514,0.0,0.0
home_credit,REGION_RATING_CLIENT,gbm,single_pass,116,31,0.3564312391855133,8.597792021591285e-05,0.3313269999766669,0.0002801107344973315,15,9,10,57.0,0.06602103996490745,0.0034884540202097998,0.2029134580463254,0.7320709868246084,0.870176886509981,0.00564347806767318,11.0
home_credit,REGION_RATING_CLIENT,gbm,top_k=5,116,39,0.3799656202210675,2.588571970208601e-05,0.3563770280722319,8.620682779226184e-05,50,9,18,69.0,0.056240932089371885,0.002866563102750279,0.20506967193353354,0.7241617634755836,0.8289010084469133,0.013552701416697954,17.0
home_credit,REGION_RATING_CLIENT,gbm,full,116,41,0.3906824700564418,1.452185695609579e-05,0.28937499424374236,0.0016293298511089072,116,10,21,65.0,0.09385494198990578,0.0035146592962110455,0.23314028504252224,0.710710658138385,0.6068679350465244,0.027003806753896575,23.0
home_credit,REGION_RATING_CLIENT,gbm,random,116,39,0.5112469825971209,4.509327937155182e-09,0.17866812643079216,0.05499123748504499,116,11,20,68.0,0.029058002678101703,0.002185674725051147,0.1522675708892963,0.7135635527044111,0.6172425694817962,0.024150912187870466,22.0
