dataset,model,feature,shap_importance,shap_std,rank
home_credit,gbm,EXT_SOURCE_3,0.3056759692569939,0.24067398132201986,1
home_credit,gbm,EXT_SOURCE_2,0.27016230005551717,0.19310992983831501,2
home_credit,gbm,EXT_SOURCE_1,0.12583744948203165,0.1294853593269071,3
home_credit,gbm,DAYS_EMPLOYED,0.09937714717019162,0.10061923528647414,4
home_credit,gbm,ORGANIZATION_TYPE,0.06351896415200725,0.041260726704436666,5
home_credit,gbm,OWN_CAR_AGE,0.06318541060386221,0.05333064501632954,6
home_credit,gbm,AMT_GOODS_PRICE,0.06274741041010465,0.0785941591406864,7
home_credit,gbm,NAME_EDUCATION_TYPE,0.05248620223606457,0.03834186355211294,8
home_credit,gbm,DAYS_BIRTH,0.04968825751765257,0.04936974005351956,9
home_credit,gbm,NAME_INCOME_TYPE,0.04837640355101262,0.029846117812665607,10
home_credit,gbm,AMT_CREDIT,0.04384606407390441,0.04122282515898297,11
home_credit,gbm,AMT_ANNUITY,0.034630952759560844,0.0367156301408443,12
home_credit,gbm,DAYS_ID_PUBLISH,0.03158251220352074,0.03922432403739378,13
home_credit,gbm,LIVINGAREA_MODE,0.03005585097167754,0.025809538506040588,14
home_credit,gbm,FLAG_DOCUMENT_3,0.02977390633720653,0.028611076024362938,15
home_credit,gbm,ELEVATORS_MEDI,0.019932212220848743,0.056126255471987845,16
home_credit,gbm,AMT_INCOME_TOTAL,0.019016513328307033,0.01815651541246615,17
home_credit,gbm,DAYS_REGISTRATION,0.01880736285214641,0.024049772540808374,18
home_credit,gbm,APARTMENTS_MODE,0.018465658805057628,0.027274990779175393,19
home_credit,gbm,FLAG_WORK_PHONE,0.01782847362269154,0.020240143609122692,20
home_credit,gbm,LANDAREA_AVG,0.017310341827161662,0.018680097427530372,21
home_credit,gbm,LIVINGAREA_MEDI,0.016510346713954113,0.021595488809124055,22
home_credit,gbm,LIVINGAREA_AVG,0.01639840353037259,0.02128308419625334,23
home_credit,gbm,OCCUPATION_TYPE,0.01354293161311123,0.03515703484951326,24
home_credit,gbm,AMT_REQ_CREDIT_BUREAU_YEAR,0.012988260299430295,0.013447414271443378,25
home_credit,gbm,NONLIVINGAREA_MODE,0.012265316285921504,0.017362371427527085,26
home_credit,gbm,DAYS_LAST_PHONE_CHANGE,0.011591113468027629,0.017728947118103668,27
home_credit,gbm,BASEMENTAREA_MODE,0.011444746263661999,0.016102042009907287,28
home_credit,gbm,LANDAREA_MODE,0.009456014754965575,0.014474702354013144,29
home_credit,gbm,YEARS_BEGINEXPLUATATION_AVG,0.007944768703523617,0.01570215127720759,30
home_credit,gbm,HOUR_APPR_PROCESS_START,0.007940886987456918,0.012984014989740045,31
home_credit,gbm,AMT_REQ_CREDIT_BUREAU_QRT,0.007780461281994242,0.01004828406700204,32
home_credit,gbm,NONLIVINGAREA_AVG,0.007225753511017849,0.013762117804181295,33
home_credit,gbm,NAME_CONTRACT_TYPE,0.007020981855924784,0.011213812267033389,34
home_credit,gbm,NONLIVINGAPARTMENTS_AVG,0.006856116701758001,0.015076791667602944,35
home_credit,gbm,LIVINGAPARTMENTS_MODE,0.0068408486050873,0.012181169319084906,36
home_credit,gbm,DEF_60_CNT_SOCIAL_CIRCLE,0.006655618117957465,0.02364367381448611,37
home_credit,gbm,LANDAREA_MEDI,0.006347992778017996,0.010890261404856043,38
home_credit,gbm,FLOORSMIN_MODE,0.006216755548010721,0.012634005369205857,39
home_credit,gbm,REG_CITY_NOT_WORK_CITY,0.005797073713053057,0.010896168397932365,40
home_credit,gbm,ELEVATORS_AVG,0.005701480224788028,0.012410890079004111,41
home_credit,gbm,YEARS_BEGINEXPLUATATION_MEDI,0.0056762844788536115,0.013538338564690142,42
home_credit,gbm,BASEMENTAREA_AVG,0.005674107778090856,0.015236938637540469,43
home_credit,gbm,APARTMENTS_AVG,0.00545920736913196,0.010967790006892103,44
home_credit,gbm,COMMONAREA_MODE,0.005331670820631183,0.01244784959860691,45
home_credit,gbm,WEEKDAY_APPR_PROCESS_START,0.004694029187989952,0.012121766918924425,46
home_credit,gbm,YEARS_BEGINEXPLUATATION_MODE,0.0046890559608676555,0.013288578510103845,47
home_credit,gbm,OBS_30_CNT_SOCIAL_CIRCLE,0.004582591049854478,0.009688130065852387,48
home_credit,gbm,BASEMENTAREA_MEDI,0.004540241343116606,0.009159713939438789,49
home_credit,gbm,CNT_CHILDREN,0.004213535122513962,0.0070000694124053705,50
home_credit,gbm,COMMONAREA_AVG,0.003978424418487339,0.012143229815456673,51
home_credit,gbm,ENTRANCES_AVG,0.003938457325264396,0.010139194028960685,52
home_credit,gbm,NAME_FAMILY_STATUS,0.0036941284660777633,0.007715932200312716,53
home_credit,gbm,LIVE_REGION_NOT_WORK_REGION,0.003536987392824808,0.014887552680875913,54
home_credit,gbm,TOTALAREA_MODE,0.003519268888312159,0.008791720716644698,55
home_credit,gbm,NAME_HOUSING_TYPE,0.002953394076157251,0.009593676192515888,56
home_credit,gbm,FLOORSMIN_AVG,0.0029019150060009707,0.0065366056432959434,57
home_credit,gbm,ENTRANCES_MODE,0.0027977656202618916,0.00435851596848312,58
home_credit,gbm,DEF_30_CNT_SOCIAL_CIRCLE,0.002439157608928578,0.009506299361320702,59
home_credit,gbm,HOUSETYPE_MODE,0.002249967262835853,0.016647728529011335,60
home_credit,gbm,FLOORSMAX_AVG,0.0018586313699807458,0.005007678538586663,61
home_credit,gbm,AMT_REQ_CREDIT_BUREAU_MON,0.0018397099368134403,0.007595417772408636,62
home_credit,gbm,ELEVATORS_MODE,0.001827905358182901,0.0077943598172497235,63
home_credit,gbm,YEARS_BUILD_AVG,0.0017585445030666958,0.007810617201628592,64
home_credit,gbm,LIVE_CITY_NOT_WORK_CITY,0.0016180467324629802,0.0026919752703758815,65
home_credit,gbm,NONLIVINGAREA_MEDI,0.001572324287159651,0.003531223242024223,66
home_credit,gbm,NONLIVINGAPARTMENTS_MODE,0.0012264308455531003,0.0045771918770292725,67
home_credit,gbm,FLAG_EMAIL,0.0010177743346462625,0.0027608245598746083,68
home_credit,gbm,LIVINGAPARTMENTS_MEDI,0.0009707020596751983,0.003908916767266283,69
home_credit,gbm,CNT_FAM_MEMBERS,0.0009628008537054815,0.004293404805264189,70
home_credit,gbm,YEARS_BUILD_MODE,0.0009371993964705233,0.0045190144639548685,71
home_credit,gbm,OBS_60_CNT_SOCIAL_CIRCLE,0.0009044531462710568,0.004945087973926911,72
home_credit,gbm,WALLSMATERIAL_MODE,0.0008274212083106691,0.003369734293279979,73
home_credit,gbm,COMMONAREA_MEDI,0.0008221346071850043,0.0025319770683653706,74
home_credit,gbm,FLAG_OWN_REALTY,0.0006034986933958272,0.002344793457090023,75
home_credit,gbm,FONDKAPREMONT_MODE,0.0005516971085839527,0.0013742588451007476,76
home_credit,gbm,LIVINGAPARTMENTS_AVG,0.0004603033612854756,0.0023059335509420537,77
home_credit,gbm,AMT_REQ_CREDIT_BUREAU_HOUR,0.0,0.0,78
home_credit,gbm,FLAG_DOCUMENT_18,0.0,0.0,79
home_credit,gbm,FLAG_DOCUMENT_19,0.0,0.0,80
home_credit,gbm,FLAG_DOCUMENT_20,0.0,0.0,81
home_credit,gbm,FLAG_DOCUMENT_21,0.0,0.0,82
home_credit,gbm,FLAG_OWN_CAR,0.0,0.0,83
home_credit,gbm,AMT_REQ_CREDIT_BUREAU_DAY,0.0,0.0,84
home_credit,gbm,AMT_REQ_CREDIT_BUREAU_WEEK,0.0,0.0,85
home_credit,gbm,FLAG_DOCUMENT_16,0.0,0.0,86
home_credit,gbm,NAME_TYPE_SUITE,0.0,0.0,87
home_credit,gbm,FLAG_DOCUMENT_17,0.0,0.0,88
home_credit,gbm,YEARS_BUILD_MEDI,0.0,0.0,89
home_credit,gbm,FLAG_DOCUMENT_15,0.0,0.0,90
home_credit,gbm,FLOORSMIN_MEDI,0.0,0.0,91
home_credit,gbm,FLAG_MOBIL,0.0,0.0,92
home_credit,gbm,FLAG_EMP_PHONE,0.0,0.0,93
home_credit,gbm,FLAG_CONT_MOBILE,0.0,0.0,94
home_credit,gbm,FLAG_PHONE,0.0,0.0,95
home_credit,gbm,REG_REGION_NOT_LIVE_REGION,0.0,0.0,96
home_credit,gbm,REG_REGION_NOT_WORK_REGION,0.0,0.0,97
home_credit,gbm,REG_CITY_NOT_LIVE_CITY,0.0,0.0,98
home_credit,gbm,FLOORSMAX_MODE,0.0,0.0,99
home_credit,gbm,APARTMENTS_MEDI,0.0,0.0,100
home_credit,gbm,ENTRANCES_MEDI,0.0,0.0,101
home_credit,gbm,FLOORSMAX_MEDI,0.0,0.0,102
home_credit,gbm,NONLIVINGAPARTMENTS_MEDI,0.0,0.0,103
home_credit,gbm,FLAG_DOCUMENT_14,0.0,0.0,104
home_credit,gbm,FLAG_DOCUMENT_2,0.0,0.0,105
home_credit,gbm,FLAG_DOCUMENT_4,0.0,0.0,106
home_credit,gbm,FLAG_DOCUMENT_5,0.0,0.0,107
home_credit,gbm,FLAG_DOCUMENT_6,0.0,0.0,108
home_credit,gbm,FLAG_DOCUMENT_7,0.0,0.0,109
home_credit,gbm,FLAG_DOCUMENT_8,0.0,0.0,110
home_credit,gbm,FLAG_DOCUMENT_9,0.0,0.0,111
home_credit,gbm,FLAG_DOCUMENT_10,0.0,0.0,112
home_credit,gbm,FLAG_DOCUMENT_11,0.0,0.0,113
home_credit,gbm,FLAG_DOCUMENT_12,0.0,0.0,114
home_credit,gbm,FLAG_DOCUMENT_13,0.0,0.0,115
home_credit,gbm,EMERGENCYSTATE_MODE,0.0,0.0,116
