dataset_,dataset,attribute,method,condition,auc_mean,auc_std,ks_mean,ks_std,brier_mean,brier_std,dp_diff_mean,dp_diff_std,di_ratio_mean,di_ratio_std,eo_diff_mean,eo_diff_std,eopp_diff_mean,eopp_diff_std,probe_auc_after_mean,probe_auc_after_std
home_credit,home_credit,CODE_GENDER,adversarial_debiasing,explicit,0.6769,0.0239,0.3026,0.0271,0.0914,0.0011,0.029,0.0166,0.9693,0.0172,0.0906,0.054,0.0886,0.0568,0.7397,0.0254
home_credit,home_credit,CODE_GENDER,adversarial_debiasing,latent,0.7086,0.0242,0.3388,0.04,0.0707,0.0014,0.0307,0.0167,0.967,0.0178,0.0671,0.0513,0.0654,0.0527,0.7397,0.0254
home_credit,home_credit,CODE_GENDER,adversarial_debiasing,training_only,0.6769,0.0239,0.3026,0.0271,0.0914,0.0011,0.029,0.0166,0.9693,0.0172,0.0906,0.054,0.0886,0.0568,0.7397,0.0254
home_credit,home_credit,REGION_RATING_CLIENT,adversarial_debiasing,explicit,0.6828,0.0229,0.3088,0.0343,0.1229,0.0028,0.1481,0.014,0.8515,0.0139,0.3528,0.0923,0.352,0.0943,0.8337,0.0285
home_credit,home_credit,REGION_RATING_CLIENT,adversarial_debiasing,latent,0.7086,0.0242,0.3388,0.04,0.0707,0.0014,0.0941,0.0223,0.9033,0.0225,0.3074,0.1028,0.3074,0.1028,0.8337,0.0285
home_credit,home_credit,REGION_RATING_CLIENT,adversarial_debiasing,training_only,0.6828,0.0229,0.3088,0.0343,0.1229,0.0028,0.1481,0.014,0.8515,0.0139,0.3528,0.0923,0.352,0.0943,0.8337,0.0285
german_credit,german_credit,sex,adversarial_debiasing,explicit,0.7693,0.0407,0.4512,0.0689,0.1775,0.0121,0.079,0.0401,0.8966,0.0505,0.1536,0.0782,0.1334,0.0857,0.666,0.1038
german_credit,german_credit,sex,adversarial_debiasing,latent,0.7705,0.0383,0.459,0.0585,0.1692,0.0158,0.0527,0.0518,0.9284,0.0671,0.0989,0.0613,0.0617,0.0493,0.666,0.1038
german_credit,german_credit,sex,adversarial_debiasing,training_only,0.7693,0.0407,0.4512,0.0689,0.1775,0.0121,0.079,0.0401,0.8966,0.0505,0.1536,0.0782,0.1334,0.0857,0.666,0.1038
uci_default,uci_default,SEX,adversarial_debiasing,explicit,0.6492,0.0276,0.2374,0.0595,0.1841,0.0056,0.0181,0.0074,0.9771,0.0093,0.0399,0.0175,0.0399,0.0175,0.5689,0.0159
uci_default,uci_default,SEX,adversarial_debiasing,latent,0.7826,0.0057,0.433,0.0163,0.1339,0.0018,0.0419,0.0057,0.9474,0.007,0.0418,0.0178,0.0343,0.0252,0.5689,0.0159
uci_default,uci_default,SEX,adversarial_debiasing,training_only,0.6492,0.0276,0.2374,0.0595,0.1841,0.0056,0.0181,0.0074,0.9771,0.0093,0.0399,0.0175,0.0399,0.0175,0.5689,0.0159
