attribute,method,condition,auc_mean,dp_diff_mean,di_ratio_mean,eo_diff_mean,probe_auc_after_mean,note
CODE_GENDER,none,explicit,0.7086,0.0307,0.967,0.0671,0.7397,
CODE_GENDER,none,training_only,0.7086,0.0307,0.967,0.0671,0.7397,
CODE_GENDER,none,latent,0.7086,0.0307,0.967,0.0671,0.7397,
CODE_GENDER,reweighing,explicit,0.7109,0.0226,0.9757,0.066,0.7397,
CODE_GENDER,reweighing,training_only,0.7109,0.0226,0.9757,0.066,0.7397,
CODE_GENDER,reweighing,latent,0.7086,0.0307,0.967,0.0671,0.7397,
CODE_GENDER,adversarial_debiasing,explicit,0.6134,0.0523,0.9453,0.1255,0.7397,
CODE_GENDER,adversarial_debiasing,training_only,0.6134,0.0523,0.9453,0.1255,0.7397,
CODE_GENDER,adversarial_debiasing,latent,0.7086,0.0307,0.967,0.0671,0.7397,
CODE_GENDER,disparate_impact_remover,explicit,0.714,0.0289,0.9691,0.0708,0.7397,
CODE_GENDER,disparate_impact_remover,training_only,0.714,0.0289,0.9691,0.0708,0.7397,n/a - needs A at inference (skew)
CODE_GENDER,disparate_impact_remover,latent,0.7086,0.0307,0.967,0.0671,0.7397,
CODE_GENDER,reject_option,explicit,0.7086,0.0307,0.967,0.0671,0.7397,
CODE_GENDER,reject_option,training_only,0.7086,0.0307,0.967,0.0671,0.7397,n/a - needs A at inference
CODE_GENDER,reject_option,latent,0.7086,0.0307,0.967,0.0671,0.7397,
CODE_GENDER,proxy_aware,training_only,0.6953,0.0147,0.9841,0.0825,0.5498,A at fit only - identical to latent by construction
CODE_GENDER,proxy_aware,latent,0.6953,0.0147,0.9841,0.0825,0.5498,
CODE_GENDER,proxy_aware_v2,training_only,0.7057,0.0238,0.9744,0.0705,0.6723,A at fit only - identical to latent by construction
CODE_GENDER,proxy_aware_v2,latent,0.7057,0.0238,0.9744,0.0705,0.6723,
REGION_RATING_CLIENT,none,explicit,0.7086,0.0941,0.9033,0.3074,0.8337,
REGION_RATING_CLIENT,none,training_only,0.7086,0.0941,0.9033,0.3074,0.8337,
REGION_RATING_CLIENT,none,latent,0.7086,0.0941,0.9033,0.3074,0.8337,
REGION_RATING_CLIENT,reweighing,explicit,0.7036,0.0835,0.9136,0.2598,0.8337,
REGION_RATING_CLIENT,reweighing,training_only,0.7036,0.0835,0.9136,0.2598,0.8337,
REGION_RATING_CLIENT,reweighing,latent,0.7086,0.0941,0.9033,0.3074,0.8337,
REGION_RATING_CLIENT,adversarial_debiasing,explicit,0.6665,0.1527,0.8469,0.3717,0.8337,
REGION_RATING_CLIENT,adversarial_debiasing,training_only,0.6665,0.1527,0.8469,0.3717,0.8337,
REGION_RATING_CLIENT,adversarial_debiasing,latent,0.7086,0.0941,0.9033,0.3074,0.8337,
REGION_RATING_CLIENT,disparate_impact_remover,explicit,0.7119,0.0928,0.9048,0.2448,0.8337,
REGION_RATING_CLIENT,disparate_impact_remover,training_only,0.7119,0.0928,0.9048,0.2448,0.8337,n/a - needs A at inference (skew)
REGION_RATING_CLIENT,disparate_impact_remover,latent,0.7086,0.0941,0.9033,0.3074,0.8337,
REGION_RATING_CLIENT,reject_option,explicit,0.7086,0.0941,0.9033,0.3074,0.8337,
REGION_RATING_CLIENT,reject_option,training_only,0.7086,0.0941,0.9033,0.3074,0.8337,n/a - needs A at inference
REGION_RATING_CLIENT,reject_option,latent,0.7086,0.0941,0.9033,0.3074,0.8337,
REGION_RATING_CLIENT,proxy_aware,training_only,0.674,0.0382,0.9594,0.1528,0.5882,A at fit only - identical to latent by construction
REGION_RATING_CLIENT,proxy_aware,latent,0.674,0.0382,0.9594,0.1528,0.5882,
REGION_RATING_CLIENT,proxy_aware_v2,training_only,0.7045,0.0829,0.914,0.2362,0.7678,A at fit only - identical to latent by construction
REGION_RATING_CLIENT,proxy_aware_v2,latent,0.7045,0.0829,0.914,0.2362,0.7678,
