attribute,budget,auc,dp_diff,di_ratio,eo_diff,probe_auc_after,n_emerged,n_treated,n_skipped,runtime_s
CODE_GENDER,none,0.7056,0.0234,0.9748,0.0726,0.6557,15,97,19,819.8
CODE_GENDER,0.01,0.7088,0.0258,0.9723,0.0704,0.7073,11,30,19,278.8
CODE_GENDER,0.03,0.7057,0.0225,0.9758,0.0607,0.6674,15,97,19,612.4
CODE_GENDER,0.02,0.7057,0.0238,0.9744,0.0705,0.6723,16,90,19,458.1
CODE_GENDER,0.05,0.7058,0.023,0.9753,0.0697,0.6574,15,97,19,801.7
CODE_GENDER,[ref] none,0.7086,0.0307,0.967,0.0671,0.7397,0,0,0,0.0
CODE_GENDER,[ref] reweighing,0.7109,0.0226,0.9757,0.066,0.7397,0,0,0,0.0
REGION_RATING_CLIENT,none,0.6994,0.0788,0.9182,0.2191,0.7585,15,97,19,889.7
REGION_RATING_CLIENT,0.01,0.7037,0.0815,0.9155,0.2374,0.7868,15,97,19,332.2
REGION_RATING_CLIENT,0.03,0.6986,0.0813,0.9158,0.2273,0.7619,15,97,19,736.9
REGION_RATING_CLIENT,0.02,0.7045,0.0829,0.914,0.2362,0.7678,15,97,19,601.3
REGION_RATING_CLIENT,0.05,0.6992,0.0789,0.918,0.2197,0.7577,15,97,19,905.1
REGION_RATING_CLIENT,[ref] none,0.7086,0.0941,0.9033,0.3074,0.8337,0,0,0,0.0
REGION_RATING_CLIENT,[ref] reweighing,0.7036,0.0835,0.9136,0.2598,0.8337,0,0,0,0.0
