attribute,feature,leakage_drop_before,shap_importance_before,quadrant_before,leakage_drop_after,shap_importance_after,quadrant_after,transition,leakage_change,shap_change,leakage_emerged,n_unique_before,n_unique_after
REGION_RATING_CLIENT,EXT_SOURCE_3,-0.00082846660816005,0.3629704776136346,safe_workhorse,-0.00030502283232152204,0.332953973859055,safe_workhorse,never_danger,0.0005234437758385279,-0.030016503754579593,False,667,3863
REGION_RATING_CLIENT,EXT_SOURCE_2,0.0655102866073937,0.2700077787832096,leaky_and_relied_on,0.0649556196112284,0.2700002839114169,leaky_and_relied_on,stayed_danger,-0.0005546669961653122,-7.494871792690372e-06,False,13660,8903
REGION_RATING_CLIENT,EXT_SOURCE_1,0.0015919197275661157,0.15718621594664112,leaky_and_relied_on,0.001174271698500018,0.1560194682947272,leaky_and_relied_on,stayed_danger,-0.0004176480290660977,-0.0011667476519139075,False,6529,3838
REGION_RATING_CLIENT,DAYS_EMPLOYED,0.0009852425353697348,0.08879506030437123,leaky_and_relied_on,0.000515400228352636,0.10752523669723255,safe_workhorse,left_danger,-0.00046984230701709875,0.018730176392861314,False,5181,7176
REGION_RATING_CLIENT,AMT_CREDIT,0.0018274856708296872,0.08397706375197088,leaky_and_relied_on,0.0010755624693096876,0.09767339374732258,leaky_and_relied_on,stayed_danger,-0.0007519232015199995,0.013696329995351697,False,2217,8307
REGION_RATING_CLIENT,NAME_EDUCATION_TYPE,4.15161899864902e-06,0.0725168939233998,safe_workhorse,-0.0004889306718972141,0.02671601712954642,safe_workhorse,never_danger,-0.0004930822908958631,-0.045800876793853376,False,5,580
REGION_RATING_CLIENT,DAYS_BIRTH,-6.971859770765754e-05,0.07019598993734111,safe_workhorse,-0.00010330485359093533,0.05710725225292206,safe_workhorse,never_danger,-3.3586255883277796e-05,-0.013088737684419045,False,9756,10004
REGION_RATING_CLIENT,AMT_GOODS_PRICE,-0.0011376412782482693,0.06922022293136627,safe_workhorse,0.00017017300734731844,0.0855806435537149,safe_workhorse,never_danger,0.0013078142855955878,0.01636042062234863,False,400,7010
REGION_RATING_CLIENT,NAME_INCOME_TYPE,0.004160677269931123,0.04683797333015717,leaky_and_relied_on,0.0013078446376643793,0.04743768300857306,leaky_and_relied_on,stayed_danger,-0.0028528326322667438,0.0005997096784158898,False,7,766
REGION_RATING_CLIENT,OWN_CAR_AGE,0.002429410679792121,0.04623508074329385,leaky_and_relied_on,0.0018697700709111142,0.012623936639454592,leaky_and_relied_on,stayed_danger,-0.0005596406088810067,-0.03361114410383925,False,52,1654
REGION_RATING_CLIENT,ORGANIZATION_TYPE,0.0016342492069396863,0.03793842947871926,leaky_and_relied_on,-9.178897558279609e-05,0.008091648037451063,safe_workhorse,left_danger,-0.0017260381825224824,-0.0298467814412682,False,57,1298
REGION_RATING_CLIENT,NAME_CONTRACT_TYPE,0.0001007887494452131,0.035802602586861895,safe_workhorse,-0.00010334840389267797,0.050180338052606396,safe_workhorse,never_danger,-0.00020413715333789106,0.014377735465744501,False,2,4
REGION_RATING_CLIENT,AMT_ANNUITY,0.00428099614433608,0.03486277829389481,leaky_and_relied_on,0.0027116921724977374,0.0517567897676914,leaky_and_relied_on,stayed_danger,-0.0015693039718383426,0.016894011473796593,False,5242,8639
REGION_RATING_CLIENT,DAYS_ID_PUBLISH,0.0004154874887416282,0.03282089423260303,safe_workhorse,0.0003924502220820969,0.038858848675669334,safe_workhorse,never_danger,-2.303726665953132e-05,0.006037954443066304,False,4987,8732
REGION_RATING_CLIENT,DAYS_LAST_PHONE_CHANGE,0.0018729084720596977,0.02665714298672757,leaky_and_relied_on,0.0021184691253153475,0.054727618936997596,leaky_and_relied_on,stayed_danger,0.0002455606532556498,0.028070475950270027,False,2930,5396
REGION_RATING_CLIENT,FLAG_DOCUMENT_3,0.0007239244373702603,0.024518269863631655,leaky_and_relied_on,0.0004749401324187108,0.01123866592656826,safe_workhorse,left_danger,-0.00024898430495154947,-0.013279603937063395,False,2,91
REGION_RATING_CLIENT,LIVINGAREA_MEDI,0.00017119955189066617,0.019125815061898015,safe_workhorse,0.00031236745037450665,0.010594874631497208,safe_workhorse,never_danger,0.00014116789848384048,-0.008530940430400808,False,2542,4407
REGION_RATING_CLIENT,DAYS_REGISTRATION,0.005239756317136246,0.017505420476896183,leaky_and_relied_on,0.004560259579396031,0.011523739086772091,leaky_and_relied_on,stayed_danger,-0.0006794967377402152,-0.005981681390124092,False,8430,8928
REGION_RATING_CLIENT,BASEMENTAREA_AVG,0.0023304978319348855,0.016038697238618678,leaky_and_relied_on,0.003058681330855717,0.008255906005123126,leaky_and_relied_on,stayed_danger,0.0007281834989208316,-0.007782791233495552,False,1952,2079
REGION_RATING_CLIENT,AMT_REQ_CREDIT_BUREAU_QRT,0.00026788802444073224,0.013772496845844806,safe_workhorse,0.00031849366976528516,0.02171765322465808,safe_workhorse,never_danger,5.060564532455292e-05,0.007945156378813274,False,8,19
REGION_RATING_CLIENT,NONLIVINGAREA_AVG,0.0006599638989711165,0.01305103059446666,leaky_and_relied_on,0.001188680295251965,0.002436857566647298,leaky_removable,left_danger,0.0005287163962808485,-0.010614173027819362,False,1223,1745
REGION_RATING_CLIENT,HOUR_APPR_PROCESS_START,0.06247851786468452,0.012792248697350031,leaky_and_relied_on,0.06569304028947764,0.016486055673835744,leaky_and_relied_on,stayed_danger,0.0032145224247931217,0.0036938069764857126,False,23,5547
REGION_RATING_CLIENT,ENTRANCES_AVG,0.00048441707978026384,0.012594114513240327,safe_workhorse,-0.00030107238869938604,0.001939701080541815,low_low,never_danger,-0.0007854894684796499,-0.010654413432698512,False,121,154
REGION_RATING_CLIENT,AMT_INCOME_TOTAL,0.016505527695584422,0.011589777242667972,leaky_and_relied_on,0.012987788917445208,0.024191266915443783,leaky_and_relied_on,stayed_danger,-0.003517738778139214,0.012601489672775811,False,369,6183
REGION_RATING_CLIENT,OBS_30_CNT_SOCIAL_CIRCLE,-0.00027502528623288833,0.011227481451122902,safe_workhorse,-0.0006016279089201771,0.00597967926415094,safe_workhorse,never_danger,-0.0003266026226872887,-0.005247802186971962,False,25,1530
REGION_RATING_CLIENT,YEARS_BEGINEXPLUATATION_AVG,0.0008105686387686716,0.009781939495677384,leaky_and_relied_on,0.0001566486570994563,0.015775275741996726,safe_workhorse,left_danger,-0.0006539199816692153,0.005993336246319342,False,132,1665
REGION_RATING_CLIENT,AMT_REQ_CREDIT_BUREAU_YEAR,-0.0003584812903709933,0.00971702106851168,safe_workhorse,-0.00024191076656410182,0.01813632868186427,safe_workhorse,never_danger,0.0001165705238068915,0.00841930761335259,False,14,105
REGION_RATING_CLIENT,NONLIVINGAREA_MEDI,0.00016789934779524174,0.009106844192172878,safe_workhorse,0.000755905315726646,0.007297570079939727,leaky_and_relied_on,entered_danger,0.0005880059679314042,-0.0018092741122331503,True,1228,1694
REGION_RATING_CLIENT,LIVINGAREA_AVG,0.0011277869365028171,0.00858888556698778,leaky_and_relied_on,0.0002846195450599165,0.008832016687922068,safe_workhorse,left_danger,-0.0008431673914429006,0.0002431311209342875,False,2534,4418
REGION_RATING_CLIENT,OCCUPATION_TYPE,3.0309547718454512e-05,0.008562155209230263,safe_workhorse,0.0006300315574010007,0.017249768473324392,leaky_and_relied_on,entered_danger,0.0005997220096825461,0.008687613264094129,True,19,171
REGION_RATING_CLIENT,LANDAREA_MODE,0.0010164594755206035,0.00772814089448033,leaky_and_relied_on,0.005818303136946512,0.011777387048167212,leaky_and_relied_on,stayed_danger,0.004801843661425908,0.004049246153686882,False,1773,2503
REGION_RATING_CLIENT,APARTMENTS_MODE,0.0005555145076656442,0.007475312016751165,safe_workhorse,-6.822050792982814e-05,0.014853569202837771,safe_workhorse,never_danger,-0.0006237350155954723,0.007378257186086606,False,483,3088
REGION_RATING_CLIENT,BASEMENTAREA_MEDI,0.0007114833294362466,0.007451355921651257,leaky_and_relied_on,0.0007080671895601353,0.021538116899676215,leaky_and_relied_on,stayed_danger,-3.4161398761112455e-06,0.014086760978024958,False,1949,1704
REGION_RATING_CLIENT,LIVINGAREA_MODE,-0.0011990529643230551,0.006493250416231279,safe_workhorse,0.0022125138260212117,0.006734571490969105,leaky_and_relied_on,entered_danger,0.003411566790344267,0.00024132107473782537,True,2491,3661
REGION_RATING_CLIENT,YEARS_BEGINEXPLUATATION_MEDI,0.00034394592506363785,0.006295905428672433,safe_workhorse,0.0008408949541467648,0.009367688240103799,leaky_and_relied_on,entered_danger,0.000496949029083127,0.003071782811431366,True,130,1702
REGION_RATING_CLIENT,TOTALAREA_MODE,0.0022813421507396512,0.006289591456282677,leaky_and_relied_on,0.0004436538379091193,0.008152714378070417,safe_workhorse,left_danger,-0.001837688312830532,0.00186312292178774,False,2492,4443
REGION_RATING_CLIENT,LANDAREA_AVG,0.001710877035283409,0.005684443688174554,leaky_and_relied_on,0.0001487441200021422,0.009698476448827617,safe_workhorse,left_danger,-0.0015621329152812667,0.004014032760653063,False,1781,2553
REGION_RATING_CLIENT,BASEMENTAREA_MODE,0.0053547080275268,0.005440866919589822,leaky_and_relied_on,0.001268484510568091,0.006662332504371261,leaky_and_relied_on,stayed_danger,-0.004086223516958709,0.0012214655847814391,False,1957,1628
REGION_RATING_CLIENT,APARTMENTS_AVG,0.0011342732182160198,0.005252297443086348,leaky_and_relied_on,0.0003064706955793639,0.00969289166108057,safe_workhorse,left_danger,-0.0008278025226366558,0.0044405942179942225,False,894,3345
REGION_RATING_CLIENT,WEEKDAY_APPR_PROCESS_START,-0.00017985073213320213,0.0052342809779276165,safe_workhorse,-0.00020504279892943344,0.005873083405346558,safe_workhorse,never_danger,-2.5192066796231305e-05,0.0006388024274189413,False,7,24
REGION_RATING_CLIENT,DEF_60_CNT_SOCIAL_CIRCLE,-0.0002094514106413925,0.005178058945295587,safe_workhorse,0.0001091116309583251,0.0167899111684815,safe_workhorse,never_danger,0.0003185630415997176,0.011611852223185913,False,7,14
REGION_RATING_CLIENT,APARTMENTS_MEDI,-0.0002433347469897651,0.005057562053805839,safe_workhorse,-0.0003253537848346477,0.0030241192480576946,safe_workhorse,never_danger,-8.20190378448826e-05,-0.0020334428057481443,False,649,3252
REGION_RATING_CLIENT,ELEVATORS_AVG,0.002774484232580243,0.005049378395750156,leaky_and_relied_on,0.0007234953937157229,0.0013900356178127903,leaky_removable,left_danger,-0.00205098883886452,-0.003659342777937366,False,107,693
REGION_RATING_CLIENT,LANDAREA_MEDI,0.0008131695356845103,0.004602458404916209,leaky_and_relied_on,-0.0007605543538905301,0.002958160528340964,low_low,left_danger,-0.0015737238895750403,-0.0016442978765752454,False,1775,2537
REGION_RATING_CLIENT,FLAG_EMAIL,-7.366924726659452e-05,0.0044766723846136015,safe_workhorse,-0.00012197105299505129,0.00914698323813132,safe_workhorse,never_danger,-4.830180572845677e-05,0.004670310853517718,False,2,37
REGION_RATING_CLIENT,REG_REGION_NOT_WORK_REGION,0.008137098910829099,0.004275748480059593,leaky_and_relied_on,0.002207076231646621,0.0005714406460816642,leaky_removable,left_danger,-0.005930022679182478,-0.003704307833977929,False,2,84
REGION_RATING_CLIENT,LIVINGAPARTMENTS_AVG,-0.00021442326194192062,0.003964148382098785,safe_workhorse,0.0014883416407799554,0.007253604543949976,leaky_and_relied_on,entered_danger,0.001702764902721876,0.003289456161851191,True,715,1926
REGION_RATING_CLIENT,OBS_60_CNT_SOCIAL_CIRCLE,-0.0006422068764724731,0.003924832978558048,safe_workhorse,-0.00014167501659618776,0.023356842468257165,safe_workhorse,never_danger,0.0005005318598762854,0.019432009489699118,False,25,857
REGION_RATING_CLIENT,FLAG_WORK_PHONE,0.00031008460671113627,0.0038226917274035003,safe_workhorse,0.00018689822146034096,0.0009418940812344517,low_low,never_danger,-0.0001231863852507953,-0.002880797646169049,False,2,4
REGION_RATING_CLIENT,NONLIVINGAREA_MODE,0.000278671412480147,0.0037102761473041925,safe_workhorse,0.0019998216334646602,0.009279025603104745,leaky_and_relied_on,entered_danger,0.001721150220984513,0.005568749455800552,True,1198,1627
REGION_RATING_CLIENT,FLAG_PHONE,0.001376743547828596,0.0036653646132829456,leaky_and_relied_on,0.0005660361276893066,0.004307974168326727,safe_workhorse,left_danger,-0.0008107074201392894,0.000642609555043781,False,2,301
REGION_RATING_CLIENT,REG_CITY_NOT_WORK_CITY,0.0007437203156222871,0.003625898959649954,leaky_and_relied_on,0.000461352295462425,0.005431132406718032,safe_workhorse,left_danger,-0.00028236802015986213,0.0018052334470680777,False,2,8
REGION_RATING_CLIENT,COMMONAREA_MODE,0.001453522906156368,0.0033191274576125766,leaky_and_relied_on,0.001521259104670758,0.013854419920847407,leaky_and_relied_on,stayed_danger,6.773619851438992e-05,0.01053529246323483,False,1239,1842
REGION_RATING_CLIENT,FLOORSMIN_AVG,0.00020238819623010773,0.003130135233606105,safe_workhorse,-0.00022269226652193996,0.005596019140219593,safe_workhorse,never_danger,-0.0004250804627520477,0.0024658839066134877,False,97,1047
REGION_RATING_CLIENT,COMMONAREA_AVG,0.0007116796916573742,0.0031074522880628103,leaky_and_relied_on,0.0002702863940106326,0.0077310704197390044,safe_workhorse,left_danger,-0.00044139329764674156,0.004623618131676194,False,1264,1577
REGION_RATING_CLIENT,LIVINGAPARTMENTS_MODE,-0.000172993041329228,0.0030710731911539214,safe_workhorse,0.00016206748416844886,0.006718442318047737,safe_workhorse,never_danger,0.0003350605254976768,0.003647369126893816,False,450,1601
REGION_RATING_CLIENT,COMMONAREA_MEDI,0.0002080778170129305,0.003055478856827182,safe_workhorse,-6.770349425055944e-05,0.0030003221512060353,safe_workhorse,never_danger,-0.0002757813112634899,-5.51567056211468e-05,False,1269,1542
REGION_RATING_CLIENT,YEARS_BUILD_MODE,0.0005096006651960528,0.0030015094064692336,safe_workhorse,0.00023706606688151944,0.00138904527169313,low_low,never_danger,-0.00027253459831453334,-0.0016124641347761036,False,118,1079
REGION_RATING_CLIENT,DEF_30_CNT_SOCIAL_CIRCLE,7.784944751223488e-05,0.002968896848878527,low_low,8.402351806733322e-05,0.0005758815313535789,low_low,never_danger,6.174070555098343e-06,-0.0023930153175249482,False,8,29
REGION_RATING_CLIENT,NAME_TYPE_SUITE,0.000540430625821986,0.002847586552835455,low_low,0.0011413959974536647,0.001779923883163541,leaky_removable,never_danger,0.0006009653716316787,-0.0010676626696719139,True,8,20
REGION_RATING_CLIENT,ENTRANCES_MEDI,-0.0001174406636798464,0.002842706143857084,low_low,-0.00013009713297471582,0.0076962559279338885,safe_workhorse,never_danger,-1.2656469294869413e-05,0.004853549784076804,False,41,107
REGION_RATING_CLIENT,CNT_FAM_MEMBERS,-0.000325387312145331,0.0028031733864255677,low_low,0.00010345904943735995,0.006129058367149267,safe_workhorse,never_danger,0.00042884636158269096,0.0033258849807236996,False,9,16
REGION_RATING_CLIENT,AMT_REQ_CREDIT_BUREAU_MON,0.0009483913348480976,0.0027074171831460757,leaky_removable,0.0011161532179939204,0.005392814347526848,leaky_and_relied_on,entered_danger,0.00016776188314582274,0.002685397164380772,False,19,76
REGION_RATING_CLIENT,YEARS_BUILD_AVG,4.407654570317554e-05,0.0021487250677496325,low_low,0.004069785986627439,0.012022523916672455,leaky_and_relied_on,entered_danger,0.004025709440924263,0.009873798848922822,True,119,713
REGION_RATING_CLIENT,FLOORSMAX_AVG,0.006338264080888179,0.0020944685357916675,leaky_removable,0.004447883598020863,0.016814852931801787,leaky_and_relied_on,entered_danger,-0.0018903804828673152,0.01472038439601012,False,140,2497
REGION_RATING_CLIENT,FLAG_OWN_REALTY,0.0005536469350152951,0.00199954922129002,low_low,-4.247413068338979e-05,0.0,low_low,never_danger,-0.0005961210656986849,-0.00199954922129002,False,2,4
REGION_RATING_CLIENT,NAME_HOUSING_TYPE,0.0017120395370215703,0.001981370425105646,leaky_removable,0.001158863982531244,0.005602758236415424,leaky_and_relied_on,entered_danger,-0.0005531755544903262,0.003621387811309778,False,6,49
REGION_RATING_CLIENT,CNT_CHILDREN,0.00017399491423186753,0.0018563150089095709,low_low,-0.00014354010622070757,0.0011677676236135155,low_low,never_danger,-0.0003175350204525751,-0.0006885473852960553,False,8,10
REGION_RATING_CLIENT,YEARS_BUILD_MEDI,-0.00025689522746417113,0.0017021538773419884,low_low,-0.0002327368545071984,0.008503049241164792,safe_workhorse,never_danger,2.415837295697274e-05,0.006800895363822803,False,118,1129
REGION_RATING_CLIENT,NONLIVINGAPARTMENTS_AVG,0.000303906723793812,0.0015385657229729196,low_low,2.6401463163749917e-05,0.0006256703530003018,low_low,never_danger,-0.00027750526063006207,-0.0009128953699726178,False,124,459
REGION_RATING_CLIENT,FLOORSMAX_MEDI,-1.0983423946075988e-05,0.0013129920777929034,low_low,0.0012298081440780928,0.010265423752561585,leaky_and_relied_on,entered_danger,0.0012407915680241687,0.008952431674768682,True,46,2415
REGION_RATING_CLIENT,YEARS_BEGINEXPLUATATION_MODE,0.0009689833325002617,0.0011805280247587238,leaky_removable,0.000316334354076897,0.011959361855286841,safe_workhorse,never_danger,-0.0006526489784233647,0.010778833830528117,False,131,1640
REGION_RATING_CLIENT,AMT_REQ_CREDIT_BUREAU_WEEK,0.0002190552383867228,0.001066759561642907,low_low,0.00014561607019327738,0.0011878575641239757,low_low,never_danger,-7.343916819344543e-05,0.00012109800248106877,False,7,6
REGION_RATING_CLIENT,LIVE_CITY_NOT_WORK_CITY,0.0005088380092643119,0.0010195020890155543,low_low,0.0007957551165130416,0.0006675520777334787,leaky_removable,never_danger,0.0002869171072487297,-0.0003519500112820756,True,2,4
REGION_RATING_CLIENT,LIVINGAPARTMENTS_MEDI,-0.0010502926947184132,0.0008911917377575631,low_low,-0.00023498714807952404,0.008098301582173142,safe_workhorse,never_danger,0.0008153055466388892,0.007207109844415579,False,575,2080
REGION_RATING_CLIENT,WALLSMATERIAL_MODE,0.003745526625201556,0.0008527486136989544,leaky_removable,0.0021831428939617092,0.008189865860549381,leaky_and_relied_on,entered_danger,-0.001562383731239847,0.007337117246850427,False,8,345
REGION_RATING_CLIENT,NAME_FAMILY_STATUS,-0.0004555379291847128,0.0007728740010137531,low_low,-0.00020392692587833938,0.009450028239048242,safe_workhorse,never_danger,0.0002516110033063734,0.008677154238034489,False,5,16
REGION_RATING_CLIENT,NONLIVINGAPARTMENTS_MODE,0.00013210852909333325,0.000759849879734568,low_low,-0.00019708346237816697,0.0016871941074935585,low_low,never_danger,-0.0003291919914715002,0.0009273442277589905,False,57,291
REGION_RATING_CLIENT,FLOORSMIN_MEDI,8.386052436093472e-05,0.0005486183146544033,low_low,0.002966582824593367,0.009299320637132853,leaky_and_relied_on,entered_danger,0.002882722300232432,0.00875070232247845,True,41,1023
REGION_RATING_CLIENT,FLAG_DOCUMENT_5,2.8252431621211828e-05,0.0004960063376567057,low_low,1.738484132447482e-05,0.0,low_low,never_danger,-1.0867590296737007e-05,-0.0004960063376567057,False,2,2
REGION_RATING_CLIENT,FLAG_DOCUMENT_8,3.8901141024538787e-05,0.00042965612497732693,low_low,0.0002065036897043182,0.0016118789195924126,low_low,never_danger,0.0001676025486797794,0.0011822227946150857,False,2,104
REGION_RATING_CLIENT,FONDKAPREMONT_MODE,0.0009159307788315863,0.00039899847491447235,leaky_removable,0.000512694560701732,0.0023500613365493826,low_low,never_danger,-0.0004032362181298543,0.0019510628616349103,False,5,9
REGION_RATING_CLIENT,ELEVATORS_MODE,0.0008640266155291565,0.00033778936598740083,leaky_removable,-6.899343122646062e-05,0.0032520078661159944,safe_workhorse,never_danger,-0.0009330200467556171,0.0029142185001285936,False,26,649
REGION_RATING_CLIENT,REG_CITY_NOT_LIVE_CITY,0.0005697530826971997,0.00031908370757635624,leaky_removable,-1.8414604086181007e-05,0.004238847694176368,safe_workhorse,never_danger,-0.0005881676867833807,0.0039197639866000115,False,2,8
REGION_RATING_CLIENT,ENTRANCES_MODE,-2.2272105797771503e-05,0.00025817384948570156,low_low,0.0003218067264474378,0.02462113082564659,safe_workhorse,never_danger,0.0003440788322452093,0.02436295697616089,False,30,34
REGION_RATING_CLIENT,FLAG_DOCUMENT_14,0.0,0.0,low_low,0.0,0.0007270939381544613,low_low,never_danger,0.0,0.0007270939381544613,False,2,2
REGION_RATING_CLIENT,FLAG_DOCUMENT_12,0.0,0.0,low_low,0.0,0.0,low_low,never_danger,0.0,0.0,False,1,1
REGION_RATING_CLIENT,FLAG_DOCUMENT_11,0.0,0.0,low_low,0.0,0.0,low_low,never_danger,0.0,0.0,False,2,2
REGION_RATING_CLIENT,FLAG_DOCUMENT_21,0.0,0.0,low_low,0.0,0.0,low_low,never_danger,0.0,0.0,False,2,2
REGION_RATING_CLIENT,FLAG_DOCUMENT_10,0.0,0.0,low_low,0.0,0.0,low_low,never_danger,0.0,0.0,False,2,2
REGION_RATING_CLIENT,FLAG_DOCUMENT_4,0.0,0.0,low_low,0.0,0.0,low_low,never_danger,0.0,0.0,False,1,1
REGION_RATING_CLIENT,FLAG_DOCUMENT_19,0.0,0.0,low_low,0.0,0.0,low_low,never_danger,0.0,0.0,False,2,2
REGION_RATING_CLIENT,FLAG_DOCUMENT_16,0.0,0.0,low_low,0.0,0.004069569899708752,safe_workhorse,never_danger,0.0,0.004069569899708752,False,2,2
REGION_RATING_CLIENT,FLAG_DOCUMENT_15,0.0,0.0,low_low,0.0,0.0,low_low,never_danger,0.0,0.0,False,2,2
REGION_RATING_CLIENT,FLAG_DOCUMENT_17,0.0,0.0,low_low,0.0,0.0,low_low,never_danger,0.0,0.0,False,2,2
REGION_RATING_CLIENT,FLAG_DOCUMENT_18,0.0,0.0,low_low,0.0,0.0,low_low,never_danger,0.0,0.0,False,2,2
REGION_RATING_CLIENT,NONLIVINGAPARTMENTS_MEDI,4.0028434789740605e-05,0.0,low_low,0.00016123111066554952,0.001008178612483421,low_low,never_danger,0.00012120267587580892,0.001008178612483421,False,76,304
REGION_RATING_CLIENT,FLAG_OWN_CAR,0.0,0.0,low_low,0.0003701405324070928,0.024210376877726106,safe_workhorse,never_danger,0.0003701405324070928,0.024210376877726106,False,2,11
REGION_RATING_CLIENT,FLAG_DOCUMENT_20,0.0,0.0,low_low,0.0,0.0,low_low,never_danger,0.0,0.0,False,2,2
REGION_RATING_CLIENT,HOUSETYPE_MODE,0.0,0.0,low_low,0.00010613023979741954,0.00047946310259139194,low_low,never_danger,0.00010613023979741954,0.00047946310259139194,False,4,3
REGION_RATING_CLIENT,FLAG_CONT_MOBILE,-1.0434769942113676e-06,0.0,low_low,0.0,0.0,low_low,never_danger,1.0434769942113676e-06,0.0,False,2,2
REGION_RATING_CLIENT,FLAG_DOCUMENT_13,4.22382125377041e-05,0.0,low_low,0.0,0.0,low_low,never_danger,-4.22382125377041e-05,0.0,False,2,2
REGION_RATING_CLIENT,FLOORSMAX_MODE,8.472873015155091e-05,0.0,low_low,0.0036506531454719936,0.014414466721306833,leaky_and_relied_on,entered_danger,0.003565924415320443,0.014414466721306833,True,26,2380
REGION_RATING_CLIENT,AMT_REQ_CREDIT_BUREAU_HOUR,8.958266136911419e-05,0.0,low_low,0.0002278142943440198,0.011452771850215544,safe_workhorse,never_danger,0.00013823163297490562,0.011452771850215544,False,4,4
REGION_RATING_CLIENT,REG_REGION_NOT_LIVE_REGION,0.000139549505282055,0.0,low_low,6.824881632827573e-05,0.0004643804277937725,low_low,never_danger,-7.130068895377928e-05,0.0004643804277937725,False,2,4
REGION_RATING_CLIENT,ELEVATORS_MEDI,0.0012467758787271688,0.0,leaky_removable,9.621488956463864e-05,0.0017569701667134,low_low,never_danger,-0.0011505609891625302,0.0017569701667134,False,38,684
REGION_RATING_CLIENT,FLAG_DOCUMENT_9,0.00028659617544399827,0.0,low_low,0.0002428555192807158,0.0,low_low,never_danger,-4.3740656163282466e-05,0.0,False,2,2
REGION_RATING_CLIENT,LIVE_REGION_NOT_WORK_REGION,0.0005509933040468873,0.0,low_low,0.002719353336951369,0.0007539878488037083,leaky_removable,never_danger,0.0021683600329044815,0.0007539878488037083,True,2,91
REGION_RATING_CLIENT,FLAG_DOCUMENT_2,0.0,0.0,low_low,0.0,0.0,low_low,never_danger,0.0,0.0,False,1,1
REGION_RATING_CLIENT,AMT_REQ_CREDIT_BUREAU_DAY,0.0,0.0,low_low,-2.9892275104348442e-05,0.004408540616962273,safe_workhorse,never_danger,-2.9892275104348442e-05,0.004408540616962273,False,7,7
REGION_RATING_CLIENT,EMERGENCYSTATE_MODE,0.0,0.0,low_low,0.0,0.0,low_low,never_danger,0.0,0.0,False,3,3
REGION_RATING_CLIENT,FLAG_MOBIL,0.0,0.0,low_low,0.0,0.0,low_low,never_danger,0.0,0.0,False,2,2
REGION_RATING_CLIENT,FLAG_DOCUMENT_7,0.0,0.0,low_low,0.0,0.0,low_low,never_danger,0.0,0.0,False,2,2
REGION_RATING_CLIENT,FLAG_DOCUMENT_6,-5.133633427210071e-05,0.0,low_low,0.00012153190845458628,0.0011333376723444387,low_low,never_danger,0.000172868242726687,0.0011333376723444387,False,2,3
REGION_RATING_CLIENT,FLAG_EMP_PHONE,0.0,0.0,low_low,0.0011356433076019413,0.04085428263597703,leaky_and_relied_on,entered_danger,0.0011356433076019413,0.04085428263597703,True,2,41
REGION_RATING_CLIENT,FLOORSMIN_MODE,0.00017068371261224068,0.0,low_low,0.005792702341933164,0.006538084061929612,leaky_and_relied_on,entered_danger,0.005622018629320924,0.006538084061929612,True,25,546
